contributor_id,contributor_name
C00762682,STEER PAC
C00442368,COMMON VALUES PAC
C00272468,IRON WORKERS LOCAL 167 POLITICAL ACTION LEAGUE
C00634774,PELICAN PAC
C00009985,NATIONAL ASSOCIATION OF BROADCASTERS PAC
C00027342,IBEW PAC
C00009936,AMERICAN FEDERATION OF GOVT. EMPL. POLITICAL ACTION COMMITTEE
C00344234,PAC TO THE FUTURE
C00271338,AMERIPAC
C00005157,INTERNATIONAL BROTHERHOOD OF BOILERMAKERS CAMPAIGN ASSISTANCE FUND
C00466870,LEADERSHIP FOR ENTERPRISE AND OPPORTUNITY PAC
C00390674,FREEDOM FUND PAC
C00089136,ALTRIA GROUP INC. PAC
C00001198,HOTELPAC
C00163832,CSX CORPORATION GOOD GOVERNMENT FUND
C00384818,CVS HEALTH PAC
C00271007,HUMANA INC. POLITICAL ACTION COMMITTEE
C00004812,MORTGAGE BANKERS ASSOCIATION POLITICAL ACTION COMMITTEE
C00457754,U.S. TRAVEL ASSOCIATION PAC
C00010470,UNION PACIFIC FUND FOR EFFECTIVE GOVERNMENT
C00300418,SCIENCE APPLICATIONS INTERNATIONAL CORP. PAC
C00116020,VULCAN MATERIALS COMPANY PAC
C00694323,WINRED PAC
C00068692,FEDEXPAC
C00677146,SUN LIFE FINANCIAL (U.S.) SERVICES COMPANY INC PAC   SUN LIF
C00817031,KNOWLEDGEABLE UNYIELDING LEADERSHIP EXPERIENCED PAC (KYLE PAC)
C00084871,CELANESE CORPORATION POLITICAL ACTION COMMITTEE
C00004473,NATIONAL TELECOMMUNICATIONS COORPERATIVE ASSOCIATION RURAL BROADBAND PAC
C00004275,AMERICAN BANKERS ASSOCIATION PAC (BANKPAC)
C00514026,F.N.B. CORPORATION PAC
C00199711,HEALTH CARE SERVICES CORP EMPLOYEES PAC
C00469429,CMR PAC
C00005249,NAIFA PAC
C00691618,THE SURETY & FIDELITY ASSOCIATION OF AMERICA POLITICAL ACTION COMMITTEE
C00114025,CONCRETE PAC
C00418897,VOTEVETS
C00421230,AIRBUS GROUP INC. PAC
C00104901,AKIN GUMP STRAUSS HAUER & FELD LLP CIVIC ACTION COMMITTEE (A
C00113159,EASTMAN PAC OF EASTMAN CHEMICAL COMPANY
C00121368,EXXON MOBIL CORP PAC
C00109306,NATIONAL ASSOCIATION OF WHOLESALER-DISTRIBUTORS PAC
C00093054,WALMART INC. PAC FOR RESPONSIBLE GOVERNMENT
C00147173,WINE & SPIRITS WHOLESALERS OF AMERICA PAC
C00010322,AMERICAN POSTAL WORKERS UNION COMMITTEE ON POLITICAL ACTION
C00083428,SENSENBRENNER COMMITTEE
C00430421,US AGAINST ALZHEIMER'S PAC
C00213512,NANCY PELOSI FOR CONGRESS
C00140715,HOYER FOR CONGRESS
C00290064,DOYLE FOR CONGRESS
C00476523,KAREN BASS FOR CONGRESS
C00555813,KATHLEEN RICE FOR CONGRESS
C00582809,KATIE MCGINTY FOR SENATE
C00654723,MEUSER FOR CONGRESS
C00414474,AMERIPRISE FINANCIAL PAC
C00039578,COUNCIL OF INSURANCE AGENTS AND BROKERS PAC
C00346353,CRH AMERICAS INC. PAC
C00012328,FLORIDA SUGAR CANE LEAGUE PAC
C00492579,AMERICAN PRINCIPLES
C00158881,NEW YORK LIFE INSURANCE COMPANY POLITICAL ACTION COMMITTEE
C00129122,AEROJET ROCKETDYNE INC PAC
C00032698,INDEPENDENT COMMUNITY BANKERS OF AMERICA POLITICAL ACTION CO
C00127811,U.S. ISRAEL PAC
C00193631,THE FARM CREDIT COUNCIL PAC
C00679902,"RECURRENT ENERGY GROUP, INC. PAC"
C00572040,REASONABLE INDEPENDENT CONSTRUCTIVE AND EFFECTIVE PAC
C00393298,HERBALIFE INTERNATIONAL INC PAC
C00164939,MN-DAK FARMERS COOP PAC
C00100404,UNITED POSTMASTERS AND MANAGERS OF AMERICA POLITICAL FUND (UPMA PAC)
C00111310,EVERGY - KCP&L POWER PAC
C00219642,ENTERPRISE RENT-A-CAR CO. PAC
C00555888,FRIENDS OF DON BEYER
C00142711,THE BOEING COMPANY POLITICAL ACTION COMMITTEE
C00247262,MAGELLAN HEALTH INC.
C00444539,NATIONAL ASPHALT PAVEMENT ASSOC. PAC
C00507962,THE AES CORPORATION PAC
C00554071,CORN REFINERS ASSOCIATION PAC
C00409581,FRIENDS OF JOHN THUNE
C00244400,LIVESTOCK MARKETING ASSOCIATION PAC (LMA-PAC)
C00245548,NATIONAL MARINE MANUFACTURERS ASSN. BOAT PAC
C00368696,RFWPAC
C00017558,BIPARTISAN PAC/BNY MELLON CORPORATION BIPAC
C00640490,ONWARD TOGETHER COMMITTEE
C00638874,ONWARD TOGETHER PAC
C00235853,HUMAN RIGHTS CAMPAIGN
C00365536,CHC BOLD PAC
C00332296,SUSAN B ANTHONY LIST INC. CANDIDATE FUND
C00630012,IT STARTS TODAY
C00401224,ACTBLUE
C00252940,LEAGUE OF CONSERVATION VOTERS ACTION FUND
C00733691,HODLPAC
C00109991,SMALL BUSINESS INVESTOR ALLIANCE-PAC
C00575993,CITIZENS FOR RESTORING USA
C00573253,"BEND THE ARC JEWISH ACTION, INC. PAC"
C00696666,IRON PAC
C00484535,VOTESANE PAC
C00135368,SIERRA CLUB PAC
C00799148,CHICAGO BLACK SOCIAL WORKERS PAC
C00732826,STRICKLAND FOR WASHINGTON
C00632133,SWING LEFT
C00314617,PLANNED PARENTHOOD FEDERAL PAC
C00540443,GIFFORDS PAC
C00797670,AIPAC PAC
C00403741,UA PROGRESSIVE ACTION
C00611897,DAIMLER NORTH AMERICA CORPORATION US EMPLOYEES PAC
C00568196,LAKE CHARLES PILOTS INC FEDERAL POLITICAL ACTION COMMITTEE
C00640383,NEWS MEDIA ALLIANCE POLITICAL ACTION COMMITTEE
C00556506,TED LIEU FOR CONGRESS
C00404301,PACIFIC PALISADES DEMOCRATIC CLUB CAMPAIGN ACCOUNT
C00078451,GENERAL DYNAMICS CORPORATION PAC
C00637504,SOCIAL SECURITY WORKS PAC
C00548008,"NRDC ACTION FUND INC., PAC"
C00009704,CONSERVATIVE VICTORY FUND
C00380196,FRIENDS OF SNOWMOBILING PAC
C00766220,MORE BLUE PAC
C00602805,"AMERICA'S ESSENTIAL HOSPITALS PAC, (ESSENTIAL HOSPITALS PAC)"
C00458000,PROGRESSIVE CHANGE CAMPAIGN COMMITTEE
C00397505,MOORE FOR CONGRESS
C00524694,TIRE INDUSTRY ASSOCIATION DBA TIREPAC
C00384883,USA FED PAC
C00811182,ISAAC FOR VERMONT
C00361758,T-MOBILE US INC.  POLITICAL ACTION COMMITTEE (T-PAC)
C00728576,FINANCIAL LITERACY PAC
C00783506,FRIENDS OF ERIC ORTS
C00495010,CONSERVATIVE CAMPAIGN COMMITTEE
C00784496,"LEAGUE FOR SPORTSMEN, LAW ENFORCEMENT AND DEFENSE (AKA THE LEAGUE)"
C00161570,AMERICAN PUBLIC POWER PAC
C00641555,SQUARE ONE POLITICS
C00143438,BETTER GOVERNMENT PAC
C00629063,THE MAJORITY RULES
C00407007,WEST LA DEMOCRATIC CLUB
C00791590,RECLAIM THE SENATE 2022 (RTS 2022)
C00789164,FOOD SOLUTIONS ACTION PAC (FSA PAC)
C00472894,ELECTING WOMEN PAC
C00492082,HOOSIERS FIRST PAC
C00763037,LEFT COAST VOTER
C00450098,WOMENCOUNT PAC
C00279380,MARINE ENGINEERS' BENEFICIAL ASSOCIATION PAF
C00816082,ELECTING WOMEN GREATER SEATTLE PAC
C00471540,EDAF PAC
C00434191,HIMES FOR CONGRESS
C00659771,LUCHADORA PAC
C00745273,SECURING OUR FUTURE PAC
C0020122,CITIZENS FOR HUGHES
C00585687,ELECTING WOMEN BAY AREA PAC
C00639138,"SAZERAC COMPANY INC., PAC"
C00135541,TO PROTECT OUR HERITAGE PAC
C00626564,SEASONAL EMPLOYER POLITICAL ACTION COMMITTEE
C00147231,CROWLEY MARITIME CORPORATION FEDERAL PAC
C00613596,CAMPAIGN FUND OF MIKE WILSON
C00796516,MOLLY FOR VERMONT
C00139659,JOINT ACTION COMMITTEE FOR POLITICAL AFFAIRS
C00829358,COMMITTEE TO ELECT JOE SCHEMBER
C00199547,AMERICAN SOCIETY OF CONSULTANT PHARMACISTS PAC (ASCP PAC)
C00442020,ENVIRONMENT AMERICA INC. VOTER ACTION
C00187799,NORTHWESTERN ENERGY EMPLOYEES PAC
C00767640,RANGER PAC
C00251876,AMGEN PAC
C00719625,MARQUETTE PAC LLC
C00238725,NATIONAL AIR TRAFFIC CONTROLLERS ASSOCIATION PAC
C00429456,SANTA BARBARA WOMEN'S POLITICAL COMMITTEE
C00400929,AMERISOURCEBERGEN CORPORATION PAC
C00402107,CUNA MUTUAL PAC
C00447565,FINSECA PAC
C00337626,MORGAN STANLEY PAC
C00457234,"MARSH & MCLENNAN COMPANIES, INC. PAC (MMCPAC)"
C00034157,AFLAC PAC
C00292094,GENESIS HEALTHCARE INC. PAC
C00343137,PAC OF THE AMERICAN ASSOCIATION OF ORTHOPAEDIC SURGEONS
C00542365,TOYOTA MOTOR NORTH AMERICA PAC
C00423871,CHARLOTTE-MECKLENBURG HOSPITAL AUTHORITY/ATRIUM HEALTH EMPLOYEES FED PAC
C00763664,TRACTOR SUPPLY COMPANY PAC
C00469239,COMBAT VETERANS FOR CONGRESS PAC
C00275123,LEONARDO DRS PAC
C00075341,MOTOROLA INC MOBILITY POLITICAL ACTION COMMITTEE
C00340943,"DAVITA HEALTHCARE PARTNERS INC, PAC"
C00416743,VICTORY NOW! PAC
C00167486,LINCOLN FINANCIAL CORPORATION POLITICAL ACTION COMMITTEE
C00424838,NOVO NORDISK INC. PAC (NOVO NORDISK PAC)
C00313700,TRANS UNION LLC PAC
C00716860,JASON LEWIS FOR SENATE
C00693002,FOX PAC
C00104299,JPMORGAN CHASE & CO. FEDERAL PAC
C00151340,DLA PIPER LLP (US) POLITICAL ACTION COMMITTEE (DLA PIPER PAC)
C00004879,AMERICAN BUS ASSOCIATION BUSPAC
C00193854,AMERICAN PHARMACISTS ASSOCIATION PAC
C00431361,TEACHERS INSURANCE ANNUITY ASSOCIATION OF AMERICA PAC
C00282459,LIGNITE PAC
C00279174,NEW BEDFORD PANORAMEX CORP POLITICAL ACTION COMMITTEE
C00281212,BAE SYSTEMS INC. POLITICAL ACTION COMMITTEE
C00016683,PFIZER PAC
C00557793,BLUE ORIGIN LLC POLITICAL ACTION COMMITTEE (BLUE ORIGIN PAC)
C00590315,SAMSUNG ELECTRONICS AMERICA INC PAC
C00411082,CANADA CRESCENTA DEMOCRATIC CLUB
C00418970,DEMOCRACY ENGINE PAC
C00765545,STRIKE PAC
C00800227,DC STATEHOOD PAC
C00755801,VOTING RIGHTS FUND
C00128876,PAT ROBERTS FOR US SENATE INC
C00121319,THRIVENT FINANCIAL FOR LUTHERANS EMPLOYEE POLITICAL ACTION COMMITTEE
C00114108,"AMERICAN SOCIETY OF TRAVEL ADVISORS, INC PAC"
C00479998,TENASKA EMPLOYEES PAC
C00089086,"THE AMERICAN OCCUPATIONAL THERAPY ASSOCIATION, INC. PAC (AOTPAC)"
C00395723,ALSTON & BIRD PAC
C00282566,GRAPHIC PACKAGING INTERNATIONAL INC POLITICAL ACTION COMMITTEE
C00099754,BAKE PAC
C00197095,NORTHWESTERN MUTUAL LIFE INSURANCE COMPANY FEDERAL PAC
C00186288,VERIZON WIRELESS GOOD GOVERNMENT CLUB PAC
C00173153,AMERICAN ASSOC OF NURSE ANESTHETISTS SEPARATE SEGREGATED FUND
C00012880,PTPAC AMERICAN PHYSICAL THERAPY
C00100321,"L3HARRIS TECHNOLOGIES, INC. PAC"
C00211318,DELOITTE POLITICAL ACTION COMMITTEE
C00024281,NORTH AMERICAN MEAT INSTITUTE PAC
C00240093,TEXAS RICE PRODUCERS' LEGISLATIVE GROUP POLITICAL ACTION COM
C00823088,DOUGLAS COUNTY REP CENTRAL COMMITTEE
C00298356,MRF PAC
C00670570,FRIENDS OF MARY JO DALEY
C00359539,AMERICAN ACADEMY OF DERMATOLOGY ASSOCIATION POLITICAL ACTION
C00281162,BAYER U.S. LLC POLITICAL ACTION COMMITTEE
C00257329,THE PROCTER & GAMBLE COMPANY GOOD GOVERNMENT COMMITTEE
C00491340,ARISTOTLE INTERNATIONAL INC. PAC (ARISTOTLE PAC)
C00528984,PALOS VERDES DEMOCRATS
C00484725,DEPA PAC
C00024869,GENERAL ELECTRIC COMPANY POLITICAL ACTION COMMITTEE (GEPAC)
C00253369,"INVESCO HOLDING COMPANY (US), INC. POLITICAL ACTION COMMITTEE"
C00621912,1-800 CONTACTS INC. PAC
C00501106,ALCOA CORPORATION EMPLOYEES PAC
C00752493,DEMOCRATIC PARTY OF KEWAUNEE COUNTY
C00144345,"SANOFI US SERVICES, INC. EMPLOYEES PAC"
C00410589,CERNER CORPORATION PAC
C00039206,"WILLIAMS AND JENSEN, PLLC POLITICAL ACTION COMMITTEE"
C00279455,"ZENECA, INC. POLITICAL ACTION COMMITTEE"
C00312777,COZEN O'CONNOR PAC
C00408906,WASHINGTON RESOURCE PAC
C00763748,UNION COUNTY DEMOCRATIC COMMITTEE
C00373696,AMERICAN PSYCHIATRIC ASSOCIATION PAC
C00355677,BIOTECHNOLOGY INNOVATION ORGANIZATION PAC (BIO PAC)
C00370585,MAXAR TECHNOLOGIES INC PAC
C00488387,TRI-STATE MAXED-OUT WOMEN INC. PAC
C00536573,ABBVIE PAC
C00421982,SOLAR ENERGY INDUSTRIES ASSOCIATION PAC (SOLARPAC)
C00083857,OCCIDENTAL PETROLEUM CORPORATION POLITICAL ACTION COMMITTEE
C00550491,THOMPSON COBURN PAC
C00303685,NORTH AMERICAN COAL PAC
C00235739,BNSF RAILWAY COMPANY PAC
C00475673,NATIONAL SORGHUM PRODUCERS PAC
C00448852,BARCLAYS GROUP US INC. PAC
C00040329,"NATIONAL RETAIL FEDERATION, INC. (RETAILPAC)"
C00289595,"PUTNAM INVESTMENTS, INC. PAC"
C00541110,CANAL BARGE COMPANY INC PAC (CANAL BARGE PAC)
C00048579,SALT RIVER PROJECT PAC
C00128918,PRINCIPAL LIFE INSURANCE COMPANY POLITICAL ACTION COMMITTEE
C00072751,STATE STREET BANK AND TRUST COMPANY VOLUNTARY PAC
C00296822,ROLLS-ROYCE PAC
C00076299,"CME GROUP, INC. PAC"
C00722348,NATIONAL WILDLIFE FEDERATION ACTION FUND
C00468314,"DEMOCRACY ENGINE, INC. PAC"
C00326488,THE SPECTRUM GROUP POLITICAL ACTION COMMITTEE (SPECPAC)
C00375048,CONSUMER TECHNOLOGY ASSOCIATION PAC
C00369751,DELL COMPUTER CORPORATION PAC
C00492645,FRIENDS OF CHRIS MURPHY
C00254847,WESTERN PEANUT GROWERS ASSOCIATION PAC
C00364109,AMERICAN CABLE ASSOCIATION INC. PAC (ACA PAC)
C00088591,EMPLOYEES OF NORTHROP GRUMMAN CORP PAC
C00491118,LUNDBECK LLC EMPLOYEE PAC
C00249532,AMERICAN SPORTFISHING ASSOCIATION PAC
C00096156,HONEYWELL INTERNATIONAL POLITICAL ACTION COMMITTEE
C00177469,PG&E CORPORATION ENERGY PAC
C00196915,CONGRESSMAN BART GORDON COMMITTEE
C00379628,NUCOR PAC
C00381020,PORTLAND GENERAL ELECTRIC (PGE) CO BI-PARTISAN COMM FOR EFFECTIVE GOVT
C00127779,PRUDENTIAL FINANCIAL INC. FEDERAL POLITICAL ACTION COMMITTEE
C00177436,UNUM PAC
C00589606,MOVING OUR NATION FORWARD PAC
C00620427,PRIDE FUND TO END GUN VIOLENCE PAC
C00558437,BONNIE WATSON COLEMAN FOR CONGRESS
C00141242,AGRI-MARK INC. PAC
C00248716,COMCAST & NBCUNIVERSAL PAC
C00017681,"ALEXANDER & BALDWIN, INC. FEDPAC"
C00107300,AMERICAN AIRLINES PAC
C00024968,AMERICAN OPTOMETRIC ASSOCIATION POLITICAL ACTION COMMITTEE (AOA-PAC)
C00008474,CITIGROUP INC. PAC - FEDERAL (CITIGROUP PAC-FEDERAL)
C00746529,NORTH DAKOTA PETROLEUM COUNCIL INC. FEDERAL PAC
C00564823,RPG PAC
C00002261,FEDPAC
C00521914,PRIMERICA INC PAC
C00365502,"BWX TECHNOLOGIES, INC. POLITICAL ACTION COMMITTEE"
C00360354,AMAZON PAC
C00046474,FORD MOTOR COMPANY CIVIC ACTION FUND
C00030718,NATIONAL ASSOCIATION OF REALTORS POLITICAL ACTION COMMITTEE
C00311878,MEDTRONIC INC. PAC
C00325936,SOCIETY OF THORACIC SURGEONS PAC
C00408260,THE GRANT THORNTON LLP PAC
C00184028,VOYA FINANCIAL INC. PAC
C00387555,COUNCIL FOR A LIVABLE WORLD (CLW) CANDIDATE FUND
C00206136,AMEREN FEDERAL POLITICAL ACTION COMMITTEE (AMERENFED PAC)
C00283135,HUPAC
C00244863,NATIONAL ROOFING CONTRACTORS ASSN. PAC
C00213173,K&L GATES LLP FEDERAL PAC
C00339085,QUALCOMM INC. PAC
C00113753,JOHNSON CONTROLS INC PAC
C00546234,LEIDOS INC. POLITICAL ACTION COMMITTEE
C00365551,KPAC
C00122499,AMERICAN ACADEMY OF PHYSICIAN ASSOCIATES PAC (PA PAC)
C00010983,JOHNSON & JOHNSON PAC
C00431072,BAKER DONELSON BEARMAN CALDWELL & BERKOWITZ PC PAC
C00140772,BRANCH 343 NATIONAL ASSOCIATION LETTER CARRIERS POLITICAL ACTION FUND
C00417733,DEMOCRATS FOR EDUCATION REFORM POLITICAL ACTION COMMITTEE
C00497917,DEPOSITORY TRUST AND CLEARING CORPORATION PAC
C00562330,MAKING A REAL CHANGE - MARC PAC
C00554709,MARK DESAULNIER FOR CONGRESS
C00105981,INVESTMENT COMPANY INSTITUTE PAC
C00109017,AT&T INC. FEDERAL PAC
C00279216,"IHEARTMEDIA, INC.. PAC"
C00742239,OTIS WORLDWIDE CORPORATION POLITICAL ACTION COMMITTEE
C00360669,SOUTHWEST AIRLINES PILOTS' ASSOCIATION PAC (SWAPA PAC)
C00404194,GENWORTH FINANCIAL INC. PAC
C00142158,COVANTA ENERGY CORPORATION PAC
C00091561,NARFE PAC
C00107128,NATIONAL TREASURY EMPLOYEES UNION POLITICAL ACTION COMMITTEE
C00034595,WELLS FARGO EMPLOYEE PAC
C00417766,COLORADO ASSOCIATION OF WHEAT GROWERS PAC (CAWGPAC)
C00071365,CENTRAL LOUISIANA DEMOCRATIC WOMEN
C00254656,SUGAR CANE GROWERS COOP OF FLORIDA PAC
C00141218,EXELON PAC
C00428623,GOOGLE LLC NETPAC
C00432252,REGIONS FINANCIAL PAC
C00235036,ZURICH HOLDING CO. OF AMERICA COMMITTEE FOR GOOD GOVERNMENT (Z-PAC)
C00400135,"UNITED HEALTH SERVICES PAC, INC."
C00572453,TAKEITBACK.ORG
C00038604,AMERICAN FINANCIAL SERVICES ASSOCIATION PAC
C00021972,PHRMA PHARMACEUTICAL RESEARCH & MANUFACTURERS OF AMERICA PAC
C00589119,SYNCHRONY FINANCIAL EMPLOYEES PAC
C00269241,REPUBLICAN LIBERTY CAUCUS PAC
C00309781,APOLLO EDUCATION GROUP INC PAC
C00497305,YOPAC
C00200329,IOWA FARM BUREAU FEDERATION PAC
C00562264,"REGENERON PHARMACEUTICALS, INC. PAC"
C00485748,ARKANSAS RURAL WATER ASSOCIATION FEDERAL PAC
C00616268,MORAN VICTORY COMMITTEE
C00097485,MERCK & CO. INC. EMPLOYEES PAC
C00526194,QUAD COUNTY CORN PROCESSORS PAC
C00765982,CJ BIO AMERICA PAC
C00109819,COALPAC
C00291914,COMMUNITY BANKERS ASSOCIATION OF ILLINOIS FEDPAC
C00376582,"BECTON, DICKINSON AND COMPANY PAC"
C00003855,NATIONAL CONFECTIONERS ASSOCIATION POLITICAL ACTION COMMITTEE
C00408468,AMERICAN SOYBEAN ASSOCIATION PAC
C00492280,GRASSROOTS EAST- FEDERAL
C00429910,CLEVELAND STONEWALL DEMOCRATS PAC
C00466094,FINSBURY GLOVER HERING CORPORATION PAC
C00250753,AUTO CARE ASSOCIATION PAC
C00682492,ONEMAIN HOLDINGS INC. PAC
C00360362,SCHWAN PAC
C00488882,U.S. BANCORP FEDERAL PAC
C00115527,INTERNATIONAL ASSOCIATION OF HEAT & FROST INSULATORS AND ALLIED WORKERS
C00578914,"KEGLER BROWN, HILL & RITTER PAC"
C00012914,AMERICAN LAND TITLE ASSOCIATION TITLE INDUSTRY PAC (TIPAC)
C00551192,MAIN STREET BANKING POLITICAL ACTION COMMITTEE
C00304634,MINEPAC
C00187526,CITYPAC
C00407965,FISHING VESSEL OWNERS ASSOCIATION HALIBUT AND SABLEFISH SUSTAINABLE FISH PAC
C00396085,HANNON ARMSTRONG CLIMATE SOLUTIONS PAC
C00004036,SEIU COPE
C00571695,ALLIANCE FOR REGENERATIVE MEDICINE PAC ARM PAC
C00314054,"AMERICAN AIR LIQUIDE HOLDINGS INC., PAC"
C00762328,FIGHT ON PAC
C00785816,LIFTOFF PAC
C00686832,WAY TO LEAD PAC
C00760009,PUTTING NEW HAMPSHIRE FIRST
C00679373,MODA INC PAC
C00347591,FRIENDS OF TOM BYRNE
C00775205,FIGHT THE RIGHT PAC
C00357608,CALIFORNIA WATER SERVICE GROUP
C00252684,CAMBIA HEALTH SOLUTIONS PAC
C00691790,SIX PAC
C00757898,"CLARK STREET ASSOCIATES, LLC PAC"
C00099002,"SUNKIST GROWERS, INC. PAC - FEDERAL"
C00577155,APEX CLEAN ENERGY INC PAC
C00764290,BLOOM ENERGY CORPORATION PAC (BE PAC)
C00708180,CLEARWAY ENERGY GROUP LLC PAC
C00762260,COACH PAC
C00795252,WELCH FOR VERMONT
C00685719,DLGA PAC
C00700922,"COOPER, SCOTT"
C00627489,AK BERING SEA CRABBERS PAC
C00791913,DURANT FOR SENATE
C00505552,HEIDI FOR SENATE
C00053553,NATIONAL RIFLE ASSOCIATION OF AMERICA POLITICAL VICTORY FUND
C00674093,BRADY PAC
C00427203,PENINSULA DEMOCRATIC COALITION
C00379693,AMALGAMATED BANK PAC
C00389601,ASSOCIATION OF MARYLAND PILOTS PAC
C00217638,INTERNATIONAL COUNCIL OF SHOPPING CENTERS PAC
C00303024,LOCKHEED MARTIN CORPORATION EMPLOYEES' PAC
C00360008,NATIONAL THOROUGHBRED RACING ASSOCIATION PAC
C00383992,PERATON CORP. POLITICAL ACTION COMMITTEE (A.K.A. 'PERATON PAC')
C00196246,AMERICAN ACADEMY OF OPHTHALMOLOGY PAC OPHTH PAC
C00525543,PROJECT WEST PAC
C00823211,CAROLINA FEDERATION FEDERAL PAC
C00073056,"MASTERS, MATES AND PILOTS POLITICAL CONTRIBUTION FUND"
C00475392,CHRIS COONS FOR DELAWARE
C00756825,DELIVERS PAC
C00799452,CLEAN ENERGY FOR AMERICA INC. PAC (CE4A PAC)
C00701631,BASCOM HUNTER TECHNOLOGIES INC EMPLOYEE ACTION FUND
C00770081,OHIO DEMOCRATS FOR DEMOCRACY PAC
C00172296,NATIONAL COMMITTEE TO PRESERVE SOCIAL SECURITY AND MEDICARE PAC
C00359588,BGR PAC
C00632752,PARTNERSHIP FOR CONSERVATION PAC (P4C PAC)
C00035691,HALLIBURTON COMPANY PAC (HALPAC)
C00137265,JOHN HANCOCK LIFE INSURANCE CO. (USA) PAC
C00686949,"PATTERN ENERGY GROUP, INC (PATTERN PAC)"
C00659888,NATIONAL ASSOCIATION FOR EMERGENCY MEDICAL PROFESSIONALS PAC
C00603076,MICHAEL BEST PAC
C00225342,MCGUIREWOODS FEDERAL PAC FUND
C00437079,WESTCHESTER-PLAYA DEMOCRATIC CLUB
C00097568,EMPLOYEES OF RAYTHEON TECHNOLOGIES CORPORATION PAC
C00478099,ATLAS AIR WORLDWIDE HOLDINGS INC. PAC
C00392670,JUSTICE FREEDOM & LIBERTY PAC
C00369868,RESPRO PAC
C00183962,CADENCE BANK PAC
C00028787,NATIONAL CATTLEMEN'S BEEF ASSOCIATION POLITICAL ACTION COMMI
C00561217,NATIONAL WATERMELON ASSOCIATION INC. POLITICAL ACTION
C00431932,OVINTIV USA INC. PAC
C00662056,BLUE LINE PAC
C00439646,DEMOCRATS OF ORANGE COUNTY PAC
C00743435,FAIRBANKS MORSE LLC PAC
C00279315,FRIENDS OF BARBARA BOXER
C00320432,IRISH AMERICAN DEMOCRATS
C00151019,NATIONAL FARMERS UNION PAC
C00499053,NOLAN FOR CONGRESS VOLUNTEER COMMITTEE
C00563734,KENTUCKY SOYBEAN ASSOCIATION PAC
C00454074,TEAPARTYEXPRESS.ORG
C00167684,AMERICAN SUGARBEET GROWERS ASSOCIATION
C00494112,JOBS AND INNOVATION MATTER PAC
C00011338,SAILOR'S POLITICAL FUND
C00011262,BROTHERHOOD OF RAILROAD SIGNALMEN POLITICAL LEAGUE
C00567792,NARPM PAC
C00177972,PILLSBURY WINTHROP SHAW PITTMAN LLP
C00381806,PROGRESSIVE CHOICES PAC
C00677591,TAKING THE HILL PAC
C00105338,"FOLEY & LARDNER POLITICAL FUND, INC."
C00262295,CTIA PAC
C00326363,MIKE THOMPSON FOR CONGRESS
C00431858,STEPTOE AND JOHNSON LLP PAC
C00419036,INFORMATION TECHNOLOGY INDUSTRY COUNCIL PAC
C00446674,WESTERN SUGAR COOPERATIVE PAC
C00388819,PHARMACEUTICAL CARE MANAGEMENT ASSOCIATION PAC
C00161265,OHIO FARM BUREAU FEDERATION AGRICULTURE GOOD GOV'T. PAC
C00016386,AMERICAN BAKERS ASSOCIATION PAC
C00397711,MAGELLAN MIDSTREAM HOLDINGS GP LLC POLITICAL ACTION COMMITT
C00358051,NATIONAL PRO-LIFE ALLIANCE PAC
C00039461,BALL CORPORATION POLITICAL ACTION COMMITTEE
C00004994,PROFESSIONAL INSURANCE AGENTS POLITICAL ACTION COMMITTEE
C00441808,AMERICAN KENNEL CLUB PAC
C00508770,NGA GROCERS PAC
C00425975,WINDSTREAM PAC
C00413567,NATIONAL ASSOCIATION OF FARM SERVICE AGENCY COUNTY OFFICE EM
C00461418,NATIONAL UNION OF HEALTHCARE WORKERS COPE
C00135590,INSTITUTE OF MAKERS OF EXPLOSIVES POLITICAL ACTION COMMITTEE
C00486217,LPL FINANCIAL PAC
C00511600,"SALESFORCE, INC. VOLUNTARY POLITICAL PARTICIPATION NETWORK"
C00084491,INTERNATIONAL FRANCHISE ASSOCIATION FRANCHISING PAC INC.
C00525055,"TRANSCANADA USA SERVICES, INC. PAC"
C00433805,CHECKSMART FINANCIAL LLC PAC
C00153445,NATIONAL HEALTH CORPORATION POLITICAL ACTION COMMITTEE
C00435024,CENTER FOR SPORTFISHING POLICY POLITICAL ACTION COMMITTEE AKA CENTER PAC
C00382424,AMERICAN COLLEGE OF SURGEONS PROFESSIONAL ASSOCIATION PAC
C00395947,BARNES & THORNBURG PAC
C00452383,FAMILY RESEARCH COUNCIL ACTION PAC
C00408518,NATIONAL ATHLETIC TRAINERS' ASSN PAC
C00401083,SQUIRE PATTON BOGGS PAC
C00510016,TARGA RESOURCES CORP. FEDERAL PAC
C00817585,WESTERN ALLIANCE BANCORPORATION POLITICAL ACTION COMMITTEE (WABPAC)
C00410654,"PHARMAVITE, LLC POLITICAL ACTION COMMITTEE"
C00139071,ARCHIPAC
C00490698,COMPETITIVE CARRIERS ASSOCIATION PAC
C00328369,TECHNOLOGY NETWORK FEDERAL PAC
C00570606,ALUMINUM ASSOCIATION PAC 'ALUMINUM PAC'
C00408138,"BENTLEY SYSTEMS, INCORPORATED FEDERAL PAC"
C00501429,TD BANK N.A. POLITICAL ACTION COMMITTEE
C00375360,AMERICAN COLLEGE OF CARDIOLOGY PAC
C00377952,CUMMINS INC. PAC
C00145862,DAN BURTON FOR CONGRESS COMMITTEE
C00686055,JACKSON HOLDINGS LLC AND JACKSON NATIONAL LIFE INSURANCE COM
C00416495,LOEWS CORPORATION PUBLIC AFFAIRS COMMITTEE
C00039214,NATIONAL LUMBER AND BUILDING MATERIAL DEALERS ASSOCIATION PA
C00239848,NUCLEAR ENERGY INSTITUTE FED. PAC
C00388132,PRIDE MOBILITY PRODUCTS CORP PAC
C00760447,IROBOT CORPORATION PAC
C00390583,"BHFS-E, PC PAC (BROWNSTEIN HYATT FARBER SCHRECK PAC)"
C00731000,AIRBNB INC. PAC (AIRBNB PAC)
C00640086,"EVERYTOWN FOR GUN SAFETY ACTION FUND, INC. PAC (EVERYTOWN PAC)"
C00003806,AFL-CIO COPE POLITICAL CONTRIBUTIONS COMMITTEE
C00164509,IFPTE LEAP PAC
C00513713,PROTECT SENIORS NOW
C00566059,REMEDY PAC
C00441949,JSTREETPAC
C00119354,TENET HEALTHCARE CORPORATION PAC
C00280743,ASSOCIATION OF AMERICAN RAILROADS PAC
C00167759,PARAMOUNT GLOBAL PAC - VIACOMCBS INC PAC
C00513861,SSAB AMERICAS PAC SSAB ENTERPRISES LLC
C00576470,STEEL MANUFACTUERS ASSOCIATION INC. 21ST CENTURY STEEL MAKE
C00380535,YAHOO INC. PAC
C00374066,SMITH & NEPHEW INC. PAC
C00344663,"RESCARE, INC. DBA BRIGHTSPRING HEALTH SERVICES LEGACY FUND"
C00369660,VEN-PAC
C00273003,AMERICAN ASSOCIATION OF CLINICAL UROLOGISTS PAC (UROPAC)
C00295097,AMERICAN IRON AND STEEL INSTITUTE PAC
C00576215,CHARTER SCHOOLS ACTION PAC
C00565614,CONCRETE REINFORCING STEEL INSTITUTE PAC (REBAR PAC)
C00722165,ELANCO US INC. PAC
C00458257,ESCA PAC
C00014878,GENERAL AVIATION MANUFACTURERS ASSOCIATION PAC
C00567263,GERDAU AMERISTEEL US INC. (GERDAU PAC)
C00103903,HDR INC. PAC
C00103978,INDIANA ACTION COMMITTEE FOR RURAL ELECTRIFICATION
C00391219,INFINEON TECHNOLOGIES AMERICAS CORP. PAC
C00523936,IRON MOUNTAIN INCORPORATED EMPLOYEES PAC
C00443671,MICRON TECHNOLOGY INC. EMPLOYEE PAC
C00040659,NATIONAL ASSOCIATION OF FEDERAL CREDIT UNIONS PAC
C00024521,AAJ PAC
C00113803,AOIA AMERICAN OSTEOPATHIC INFORMATION PAC
C00331835,NAVIENT CORPORATION PAC (NAVIENT PAC)
C00384602,ASTRO PAC
C00307249,"CITIZENS FINANCIAL GROUP, INC. PAC"
C00350744,"THE GOLDMAN SACHS GROUP, INC. PAC"
C00274431,UNITEDHEALTH GROUP PAC
C00113241,NATIONAL APARTMENT ASSN PAC
C00340356,ADVANCED MEDICAL TECHNOLOGY ASSN PAC
C00106146,AMERICAN HOSPITAL ASSOCIATION PAC
C00000422,AMERICAN MEDICAL ASSOCIATION PAC
C00734012,ASCO ASSOCIATION POLITICAL ACTION COMMITTEE (ASCO ASSOCIATION PAC)
C00709816,BOOZ ALLEN HAMILTON INC PAC (BOOZ ALLEN PAC)
C00286922,CAREFIRST BLUECROSS BLUESHIELD ASSOCIATES' FEDERAL PAC
C00459222,FBB FEDERAL RELATIONS PAC
C00395285,FRAMATOME INC PAC
C00349506,FRIENDS OF MARIA
C00358234,HEINEKEN USA INC GOOD GOVERNMENT FUND
C00325092,HUNTINGTON INGALLS INDUSTRIES INC EMPLOYEES PAC (HIIPAC)
C00419911,"LUMEN TECHNOLOGIES, INC. POLITICAL ACTION COMMITTEE"
C00743823,"LYFT, INC. FEDERAL EMPLOYEE POLITICAL ACTION COMMITTEE"
C00515148,NORTHERN TRUST CORPORATION FEDERAL POLITICAL ACTION COMMITTEE (NORTHERN TRUST FEDERAL PAC)
C00414896,OSI SYSTEMS INC PAC OSI PAC
C00274944,PATHPAC
C00098061,TARGETCITIZENS POLITICAL FORUM
C00434811,TEVA PAC
C00280909,TRANSPORTATION TRADES DEPARTMENT PAC
C00199497,"VIZIENT, INC., POLITICAL ACTION COMMITTEE"
C00368993,WINNING STRATEGIES WASHINGTON PAC
C00638122,AMERICAN NETWORK OF COMMUNITY OPTIONS AND RESOURCES DISABILITY CHAMPIONS PAC
C00008839,AMERICAN PODIATRIC MEDICAL ASSOCIATION PAC
C00127621,"BAKERY, CONFECTIONERY, TOBACCO WORKERS AND GRAIN MILLERS INTL UNION"
C00657452,DEMOCRATIC CONSERVATION ALLIANCE PAC
C00466334,HF RESPONSIBILITY FUND
C00325324,NATIONAL MILK PRODUCERS FEDERATION PAC
C00154104,NATIONAL POTATO COUNCIL PAC
C00318311,NATIONAL WEATHER SERVICE EMPLOYEES ORGANIZATION PAC
C00159954,O'MELVENY & MYERS PAC
C00172841,UNITED EGG ASSOCIATION (EGG PAC)
C00713693,FINELLO PA PAC
C00691345,REPAIR THE WORLD PAC
C00451518,CROWE PAC
C00143867,EQUIFAX INC. POLITICAL ACTION COMMITTEE
C00772863,SIG PAC
C00496257,J. H. FLETCHER CO. PAC
C00441311,CNG HOLDINGS INC. PAC
C00023440,FNB CORPORATION PAC
C00758813,MNM PAC
C00449165,CINTAS CORPORATION PARTNERS PAC
C00222000,HAMILTON COUNTY REPUBLICAN PARTY
C00496588,WAVE PAC
C00575738,IFPTE PAC
C00019653,EDISON INTERNATIONAL PAC
C00014555,FOOD MARKETPLACE INC FMI FOODPAC
C00287714,HOLLAND AMERICA LINE PAC
C00024752,MATSON FEDERAL ELECTION COMMITTEE
C00512327,NANA REGIONAL CORPORATION PAC (NANAPAC)
C00397893,SSA MARINE INC. GOOD GOVERNMENT FUND
C00076588,CF INDUSTRIES INC. EMPLOYEES' GOOD GOVERNMENT FUND
C00399089,COOK GROUP INC PAC
C00820167,DOORDASH INC. PAC - DASHPAC
C00306175,LYONDELL CHEMICAL COMPANY PAC
C00769844,STOP SENATE REPUBLICANS PAC
C00528182,VIRGIN ISLANDS FOR PLASKETT
C00681700,AFRICAN AMERICAN VOTER REGISTRATION EDUCATION AND PARTICIPATION PROJECT-FEDERAL
C00545236,NEW VOICE PAC
C00782268,NATIONAL ENERGY & FUELS INSTITUTE INC. GREENER HEATING FUELS PAC / NEFI GREENER HEATING FU
C00682641,NATIONAL ASSOCIATION OF SPECIALTY PHARMACY PAC
C00563254,DEMOCRATIC JEWISH OUTREACH PA
C00389429,CALPORTLAND COMPANY POLITICAL ACTION COMMITTEE (CALPORTLAND PAC)
C00683334,DOCUMENT STORAGE SYSTEMS INC (DSS PAC)
C00258236,"EMD SERONO, INC. PAC"
C00301929,KELLEY DRYE & WARREN POLITICAL ACTION COMMITTEE
C00651042,MOMS FED UP
C00033969,NOVARTIS CORPORATION POLITICAL ACTION COMMITTEE
C00544817,STATE FARM MUTUAL AUTOMOBILE INSURANCE COMPANY FEDERAL PAC
C00363853,"TRUEBLUE, INC. POLITICAL ACTION COMMITTEE"
C00756551,AMERICAN GRIT PAC
C00118943,MASSACHUSETTS MUTUAL LIFE INSURANCE COMPANY PAC
C00002972,ACRE (ACTION COMMITTEE FOR RURAL ELECTRIFICATION)
C00078287,CNA CITIZENS FOR GOOD GOVERNMENT
C00068528,PACIFIC LIFE INSURANCE COMPANY PAC
C00107235,PRICEWATERHOUSECOOPERS POLITICAL ACTION COMMITTEE
C00033779,REAL ESTATE ROUNDTABLE POLITICAL ACTION COMMITTEE (REALPAC)
C00200865,ROAD TO FREEDOM CAMPAIGN COMMITTEE
C00060087,"STANLEY BLACK & DECKER, INC. PAC"
C00517235,TURQUOISE PAC
C00640664,GREAT AMERICA COMMITTEE
C00276592,INTERNATIONAL BANK OF COMMERCE COMMITTEE FOR IMPROVEMENT AND
C00392290,"POPULUS FINANCIAL GROUP, INC. PAC"
C00379479,THE HAWKEYE PAC
C00173393,THE GUARDIAN LIFE INSURANCE COMPANY OF AMERICA PAC
C00480863,NATIONAL SHOOTING SPORTS FOUNDATION PAC
C00522094,PSYCHOLOGY PAC OF AMERICAN PSYCHOLOGICAL ASSOCIATION SERVICES INC.
C00072025,NATIONAL RURAL LETTER CARRIERS' ASSOCIATION PAC
C00150367,NATIONAL VENTURE CAPITAL ASSOCIATION VENTUREPAC
C00481309,NETJETS INC. PAC
C00114132,AVMA PAC
C00411900,EDWARDS LIFESCIENCES PAC
C00574368,CROWELL & MORING LLP
C00787374,HUMANITY FORWARD INC. PAC
C00497545,UNIVERSAL TECHNICAL INSTITUTE INC PAC (UTIPAC)
C00215384,ONEOK EMPLOYEES PAC
C00382275,BUTLER SNOW POLITICAL ACTION COMMITTEE
C00157875,NATIONAL ASSOCIATION OF PLUMBING-HEATING-COOLING CONTRACTORS PAC
C00147066,AMERICAN COUNCIL OF LIFE INSURERS POLITICAL ACTION COMMITTEE
C00308478,USA RICE FEDERATION PAC
C00690099,BRADFORD WHITE CORPORATION POLITICAL ACTION COMMITTEE
C00571000,TRUE NORTH PAC
C00104802,DELTA AIRLINES PAC
C00194746,BLUEPAC - BLUE CROSS BLUE SHIELD ASSOCIATION PAC
C00166348,SOUTHERN MINNESOTA BEET SUGAR COOP PAC
C00107771,XCEL ENERGY EMPLOYEE POLITICAL ACTION COMMITTEE
C00035451,AIR LINE PILOTS ASSOCIATION PAC
C00255752,AMERICAN SOCIETY OF ANESTHESIOLOGISTS PAC
C00324483,BERKSHIRE HATHAWAY ENERGY COMPANY PAC
C00692806,AMERICAN PROPERTY CASUALTY INSURANCE ASSOCIATION FEDERAL ONLY PAC (INSURING AMERICA FOPAC)
C00059733,BROWN-FORMAN CORP. NON-PARTISAN CMTE.
C00227546,MICROSOFT CORPORATION PAC
C00614552,150PAC.ORG
C00000984,UNITED STATES TELECOM ASSOCIATION PAC
C00139519,MOTION PICTURE ASSOCIATION INC PAC
C00716670,FIGHT FOR PROGRESS PAC
C00013128,CONGRESSMAN WAXMAN CAMPAIGN COMMITTEE
C00603134,VISIONARY PAC
C00341602,SOUTHWEST AIRLINES CO FREEDOM FUND
C00251751,LOWPAC
C00241380,ARENT FOX LLP PAC
C00083535,DUKE ENERGY CORPORATION PAC
C00125641,INTEL PAC
C00067231,HCA INC GOOD GOVERNMENT FUND
C00092957,NATIONAL ASSOCIATION OF POSTAL SUPERVISORS PAC
C00168070,AMERICAN AMBULANCE ASSOCIATION AMBUPAC
C00253187,BUFFALO RIVER POLITICAL ACTION COMMITTEE
C00211037,"ALABAMA PEANUT PRODUCERS ASSOCIATION, PEANUTPAC OF ALABAMA"
C00278895,NELSON MULLINS RILEY & SCARBOROUGH
C00633156,I GOT YOUR BACK PAC
C00430256,"MOLINA HEALTHCARE, INC. PAC"
C00719278,CLIFFORD FOR CONGRESS
C00041061,AMERICAN PILOTS ASSOCIATION PAC
C00363879,ENPAC
C00570895,"ELEKTA HOLDINGS US, INC. POLITICAL ACTION COMMITTEE ('ELEKTAPAC')"
C00401299,FRESENIUS MEDICAL CARE NORTH AMERICA POLITICAL ACTION COMMITTEE
C00430397,HANGER ORTHOPEDIC GROUP INC. PAC
C00261339,HOGAN LOVELLS PAC
C00174367,NORTHWEST NATURAL GAS PAC
C00034488,ANHEUSER-BUSCH COMPANIES INC. POLITICAL ACTION COMMITTEE
C00099234,BROTHERHOOD OF LOCOMOTIVE ENGINEERS & TRAINMEN PAC FUND
C00013342,UNITED MINE WORKERS OF AMERICA - COAL MINERS POLITICAL ACTION COMMITTEE
C00410068,FRATERNITY & SORORITY PAC
C00128231,INTERNATIONAL DAIRY FOODS ASSOCIATION PAC
C00159657,SMITH AND WESSON PAC
C00395533,THE NATIONAL RIGHT TO WORK COMMITTEE PAC
C00332395,VIATRIS INC. POLITICAL ACTION COMMITTEE (VIAPAC)
C00450965,"VARIAN MEDICAL SYSTEMS, INC. PAC"
C00540518,CAPITAL GROUP COMPANIES INC PAC
C00458158,LKQ CORPORATION EMPLOYEE GOOD GOVT FUND
C00410126,AMERICANS FOR THE ARTS ACTION FUND PAC
C00486779,ASSOCIATION OF OIL PIPE LINES PAC
C00193672,PACIFIC SEAFOOD PROCESSORS PAC
C00228106,PPL CORPORATION PEOPLE FOR GOOD GOVERNMENT
C00144774,SOUTHERN COMPANY EMPLOYEES PAC
C00353797,SIEMENS CORPORATION PAC
C00525691,ARKANSAS RICE PRODUCERS GROUP INC PAC
C00009282,NORFOLK SOUTHERN CORPORATION GOOD GOVERNMENT FUND
C00378083,PRODUCERS RICE MILL INC PAC
C00077701,THE KRAFT HEINZ COMPANY POLITICAL ACTION COMMITTEE (KRAFTHEI
C00612010,AMERICAN CAR RENTAL ASSOCIATION POLITICAL ACTION COMMITEE (ACRAPAC)
C00546101,NEWS CORPORATION POLITICAL ACTION COMMITTEE (NEWS CORP PAC)
C00082792,ELI LILLY AND COMPANY POLITICAL ACTION COMMITTEE
C00029447,INTERNATIONAL ASSOCIATION OF FIREFIGHTERS INTERESTED IN REGI
C00630541,BLOCK BY BLOCK PAC
C00338558,"PA FEDERATION OF DEMOCRATIC WOMEN, INC."
C00001636,SMART TD PAC
C00757344,MAKING A DIFFERENCE PAC
C00420398,BOEHRINGER INGELHEIM USA CORP PAC
C00371948,BRIDGESTONE AMERICAS INC. PAC
C00319319,MEDICAL PROFESSIONAL LIABILITY ASSOCIATION PAC
C00469080,NATIONAL ALLIANCE OF FOREST OWNERS PAC (NAFO PAC)
C00499400,TRALAPAC (TRUCK RENTING AND LEASING ASSOCIATION PAC)
C00119008,WASTE MANAGEMENT EMPLOYEES BETTER GOVT FUND PAC
C00340075,BASF CORPORATION EMPLOYEES PAC
C00477653,COX ENTERPRISES PAC COXPAC INC.
C00268904,TRINITY INDUSTRIES EMPLOYEE POLITICAL ACTION COMMITTEE (SF)
C00102764,AMERICAN CHIROPRACTIC ASSOCIATION PAC
C00166074,AMERICAN SUPPLY ASSOCIATION PAC
C00002238,THE NATIONAL COUNCIL OF FARMER COOPERATIVES CO-OP PAC
C00743344,VILLAGEMD PAC
C00376343,NATIONAL CORN GROWERS ASSOCIATION
C00388827,ROCK HOLDINGS INC. PAC
C00345793,RELX INC PAC
C00410274,"MASTERCARD INTERNATIONAL, INC. PAC"
C00437244,INVENERGY LLC PAC
C00780171,ORGANON & COMPANY EMPLOYEE PAC
C00023028,COMMITTEE FOR ADVANCEMENT OF COTTON PAC
C00702050,U.S. MORTGAGE INSURERS POLITICAL ACTION COMMITTEE (USMI PAC)
C00406801,AVANGRID POLITICAL ACTION COMMITTEE
C00386904,FAEGRE DRINKER PAC
C00375568,ENGIE NORTH AMERICA INC PAC (ENA PAC)
C00491050,DAVIS DEMOCRATIC CLUB
C00579359,"TELADOC HEALTH, INC. PAC"
C00699439,"ZILLOW GROUP, INC. POLITICAL ACTION COMMITTEE (ZG PAC)"
C00473082,LOEWS CORPORATION ENERGY PUBLIC AFFAIRS COMMITTEE
C00064774,NEXTERA ENERGY PAC
C00064766,UPSPAC
C00063586,UNITED STATES BEET SUGAR ASSOCIATION PAC
C00396895,GILEAD SCIENCES INC HEALTHCARE POLICY PAC
C00035675,BRISTOL-MYERS SQUIBB CO. EMPLOYEE PAC
C00550483,CONSUMER CREDIT INSURANCE ASSOCIATION (CCIA) PAC
C00252338,AMERICAN CHEMISTRY COUNCIL PAC
C00563072,"COEUR MINING, INC. PAC"
C00551812,"BREAD FINANCIAL HOLDINGS, INC. PAC"
C00161901,"EQUITABLE HOLDINGS, INC. POLITICAL ACTION COMMITTEE (EQUITABLE PAC)"
C00093179,AUSTIN INDUSTRIES COMPANIES PAC
C00361741,INTUIT INC. 21ST CENTURY LEADERSHIP FUND
C00765198,LEADING THE PEOPLE FORWARD PAC
C00415331,CLARKE FOR CONGRESS
C00405555,TEXTILEPAC
C00438358,AMSTED PAC
C00389403,SPECIALTY EQUIPMENT MARKET ASSOCIATION PAC SEMAPAC
C00493304,PRUDENTIAL FINANCIAL INC. FEDERAL PAC
C00007898,OFFICE AND PROFESSIONAL EMPLOYEES INT'L UNION PAC
C00353037,NATIONAL FEDERATION OF DEMOCRATIC WOMEN PAC
C00362210,O'NEILL AND ASSOCIATES PAC
C00435990,MESSER CONSTRUCTION COMPANY PAC
C00653923,VERONICA ESCOBAR FOR CONGRESS
C00386029,HNTB HOLDINGS PAC
C00494526,ATN INTERNATIONAL INC POLITICAL ACTION COMMITTEE (ATN PAC)
C00306894,MANAGED FUNDS ASSOCIATION PAC
C00451575,SUNPOWER CORPORATION POLITICAL ACTION COMMMITTEE
C00540906,CHERPAC
C00493635,EQUALITY CALIFORNIA FEDERAL PAC
C00284810,"MARRIOTT INTERNATIONAL, INC. POLITICAL ACTION COMMITTEE"
C00509356,MMC CORP PAC
C00144154,INTERNATIONAL ASSOCIATION OF AMUSEMENT PARKS AND ATTRACTIONS (IAAPA PAC)
C00488262,NETJETS ASSOCIATION OF SHARED AIRCRAFT PILOTS PAC; NJASAP PAC
C00106740,"AMERICA'S HEALTH INSURANCE PLANS, INC. PAC (AHIP PAC)"
C00250407,"SOUTHERN NUCLEAR OPERATING COMPANY, INC. PAC"
C00462630,COVINGTON AND BURLING LLP PAC
C00247569,HEALTHCARE DISTRIBUTION MANAGEMENT ASSOCIATION PAC (HDA PAC)
C00082800,ROCKY MOUNTAIN PAC
C00108209,DOMINION ENERGY INC PAC
C00755702,DEFEAT REPUBLICANS PAC
C00239947,CAESARS ENTERTAINMENT CORPORATION POLITICAL ACTION COMMITTEE
C00168120,MCGLINCHEY STAFFORD POLITICAL ACTION COMMITTEE (MACPAC)
C00364471,INGRAM BARGE COMPANY POLITICAL ACTION COMMITTEE
C00188177,BLOCKPAC
C00096842,THE AMERICAN ELECTRIC POWER COMMITTEE FOR RESPONSIBLE GOVERNMENT
C00494559,CONSERVATIVES ORGANIZED TO ADVANCE TOMORROW'S SOLUTIONS (COA
C00103937,EAGLE FORUM PAC
C00357863,BOSTON SCIENTIFIC CORP PAC
C00459008,BROOKDALE SENIOR LIVING PAC
C00076810,GENERAL MOTORS PAC (GMPAC)
C00339499,PITNEY BOWES INC. PAC
C00334193,FIRST CITIZENS BANCSHARES INC PAC (FIRST CITIZENS BANCSHARES PAC)
C00410431,ASSOCIATION OF AIR MEDICAL SERVICES PAC
C00303503,CONSECO INC CONCERNED CITIZENS PAC (PAC)
C00717686,FINANCIAL SERVICES FORUM PAC
C00820191,LENDING CLUB PAC
C00427435,MAVERICK PAC USA
C00652701,VNA HOLDING INC. POLITICAL ACTION COMMITTEE (VG PAC)
C00216895,ARNOLD & PORTER LLP PARTNERS PAC
C00494534,THE BANK OF NEW YORK MELLON CORP PAC
C00487181,NATIONAL COALITION OF TURKISH AMERICAN WOMEN'S PAC
C90015249,INDEPENDENT INSURANCE AGENTS & BROKERS OF AMERICA INC.
C00254938,CASTLEPAC
C00386847,GOVERN PAC
C00000885,INTERNATIONAL UNION OF PAINTERS & ALLIED TRADES PAC
C00236414,TRANSAMERICA CORPORATION PAC
C00462861,"KUSTER FOR CONGRESS, INC."
C00695254,BALLARD SPAHR LLP PAC
C00005660,ORAL AND MAXILLOFACIAL SURGERY PAC
C00074096,DOW INC. POLITICAL ACTION COMMITTEE (DOWPAC)
C00621649,GROUNDFISH FORUM PAC
C00721225,DEFENSE DEM PAC
C00490474,"INSURED RETIREMENT INSTITUTE, INC. PAC"
C00063164,MCDONALDS CORPORATION POLITICAL ACTION COMMITTEE
C00267849,ALLIED PILOTS ASSN PAC
C00111534,JONES WALKER L.L.P. POLITICAL ACTION COMMITTEE
C00411173,COMMERCIAL REAL ESTATE FINANCE COUNCIL PAC
C00029348,AMERICAN FOREST & PAPER ASSOCIATION PAC
C00547216,COHN REZNICK LLP PAC
C00259572,AMERICAN CLEAN POWER ASSOCIATION CLEANPOWER PAC
C00788992,THE WILDERNESS SOCIETY ACTION FUND POLITICAL ACTION COMMITTEE (PAC)
C00542514,VIGOR PAC
C00354241,CGI TECHNOLOGIES AND SOLUTIONS INC. PAC
C00021295,BRACEPAC
C00142299,JACOBS GOOD GOVT FUND
C00450189,PLS FINANCIAL SVCS INC GOOD NEIGHBOR POLITICAL ACTION COMMITTE (PLS GOOD NEIGHBOR PAC)
C00287045,PLAIN STATE PAC
C00197160,TEXANS FOR LAMAR SMITH
C00541169,NAM-PAC
C00654590,"METABANK, N.A. POLITICAL ACTION COMMITTEE"
C00327072,"SANTANDER HOLDINGS USA, INC. PAC"
C00040923,METLIFE INC. EMPLOYEES' POLITICAL PARTICIPATION FUND A
C00040535,AMERICAN EXPRESS COMPANY POLITICAL ACTION COMMITTEE (AXPPAC)
C00256925,SCOTT FOR CONGRESS
C00566067,HIGHER HEIGHTS FOR AMERICA PAC
C00458125,JUDY CHU FOR CONGRESS
C00513077,JULIA BROWNLEY FOR CONGRESS
C00678839,INDIVISIBLE ACTION
C00204669,BOBBY SCOTT FOR CONGRESS
C00342733,COASTAL FEDERAL CREDIT UNION PAC
C00452748,GREATER OPPORTUNITIES FOR LEADERSHIP DEVELOPMENT (GOLD PAC)
C00719559,SARA JACOBS FOR CONGRESS
C00753327,MORE PERFECT UNION PAC
C00246421,ASSOCIATION OF PROFESSIONAL FLIGHT ATTENDANTS PAC
C00210666,AMERICAN SPEECH-LANGUAGE-HEARING ASSOCIATION PAC (ASHA PAC)
C00528026,NATIONAL CANNABIS INDUSTRY ASSOCIATION PAC
C00101592,PUGET SOUND ENERGY INC PAC FOR GOOD GOVERNMENT
C00441733,"TAKEDA PHARMACEUTICALS AMERICA, INC. POLITICAL ACTION COMMITTEE"
C00468660,VERTEX PHARMACEUTICALS INCORPORATED POLITICAL ACTION COMMITTEE
C00401786,FREEDOM'S DEFENSE FUND
C00194126,BEAM SUNTORY INC. PAC
C00010082,NCTAPAC
C00435933,BRAINPAC
C00413955,AMERICAN ASSOCIATION OF NEUROLOGICAL SURGEONS POLITICAL ACTION COMMITTEE
C00279497,POLARIS INDUSTRIES INC. PAC
C00350884,RESOLUTE FOREST PRODUCTS PAC
C00041566,AMERICAN SOCIETY OF ASSOCIATION EXECUTIVES POLITICAL ACTION COMMITTEE
C00043059,AMERICAN SHEEP INDUSTRY
C00303339,NATIONAL ASSOC. OF REAL ESTATE INVESTMENT TRUSTS PAC
C00101105,NATIONAL FEDERATION OF INDEPENDENT BUSINESS PAC - NFIB
C00518910,RENEWABLE FUELS ASSOCIATION PAC
C00227744,ERNST & YOUNG PAC
C00410720,FEDERAL HOME LOAN BANK OF TOPEKA PAC
C00024349,ALASKA AIR GROUP INC. POLITICAL ACTION COMMITTEE
C00336057,UNITED STATES CELLULAR CORPORATION POLITICAL ACTION COMMITTEE
C00272724,MAYNARD COOPER & GALE PC PAC
C00006080,AMERICAN HEALTH CARE ASSOCIATION PAC
C00349746,CALIFORNIA DAIRIES PAC
C00254573,EDDIE BERNICE JOHNSON FOR CONGRESS
C00059238,THE KROGER CO. PAC
C00104109,ARCELORMITTAL USA LLC GOOD GOVERNMENT COMMITTEE
C00197228,ANTHEM PAC
C00546473,BOMBARDIER CORPORATION PAC
C00541128,FULL HOUSE PAC
C00611871,BMO FINANCIAL CORP GOOD GOVERNANCE FUND: FEDERAL (BMO PAC)
C00348938,CHUBB GROUP HOLDINGS INC. PAC
C00330647,ECHOSTAR CORPORATION AND DISH NETWORK CORPORATION PAC
C00266585,"GREENBERG TRAURIG, PA PAC"
C00580076,SLM CORPORATION PAC (SALLIE MAE PAC)
C00012468,THE COCA-COLA COMPANY NONPARTISAN COMMITTEE FOR GOOD GOVERNMENT
C00022343,INSURPAC
C00425686,AMERICAN CONCRETE PIPE ASSOCIATION PAC
C00149104,CHS INC. POLITICAL ACTION COMMITTEE
C00402321,GREEN DIAMOND RESOURCE COMPANY PAC
C00426445,ABIOMED INC. PAC
C00322727,AMERICAN CONCRETE PAVEMENT ASSOCIATION PAC (ACPA)
C00418269,AMERICAN COMMERCIAL BARGE LINE PAC
C00309146,AMERICAN GAMING ASSOCIATION PAC
C00286807,PROFESSIONAL AVIATION SAFETY SPECIALISTS
C00442996,ASSOCIATION OF EQUIPMENT MANUFACTURERS PAC
C00111880,CEMEX INC. EMPLOYEES PAC
C00568410,ERICSSON INC. U.S. EMPLOYEES PAC
C00346726,FIRST AMERICAN FINANCIAL CORPORATION PAC
C00536615,HINDU AMERICAN PAC
C00171330,HOLLAND & KNIGHT COMMITTEE FOR EFFECTIVE GOVERNMENT
C00165589,HUNTINGTON BANCSHARES INC. PAC
C00128678,SOUTHEASTERN LUMBER MANUFACTURERS ASSOCIATION PAC
C00128975,NATIONAL CONCRETE MASONRY ASSOCIATION PAC
C00368720,STERIS CORPORATION EMPLOYEE PAC
C00718056,TENABLE INC. PAC (TENABLE PAC)
C00007070,TEXAS INSTRUMENTS INC TI PAC
C00101766,UNITED AIRLINES INC. PAC
C00450056,INDEPENDENCE BLUE CROSS PAC
C00101485,ECOLAB INC PAC
C00040253,ALLSTATE INSURANCE COMPANY PAC
C00509539,BUTLER COUNTY PROGRESSIVE PAC
C00765537,POLICY IS PERSONAL PAC
C00095406,EXXON MOBIL CORPORATION PAC
C00332031,INDEPENDENT ELECTRICAL CONTRACTORS INC PAC (IEC PRIDE PAC)
C00297531,GOVERNMENT IS NOT GOD PAC
C00473272,DENHAM FOR CONGRESS
C00335570,ACADIAN AMBULANCE SERVICE EMPLOYEE FEDERAL POLITICAL ACTION
C00439521,AMERICAN SECURITY PAC
C00710889,BLUE AND GOLD FUND
C00364158,OB-GYN PAC
C00255877,THE OPTIONS CLEARING CORPORATION PAC
C00304477,OSHKOSH CORPORATION EMPLOYEES PAC (OCEPAC)
C00351031,ASIAN AMERICAN ACTION FUND
C00302844,HIGHMARK PAC OF HIGHMARK INC.
C00484162,MEDICAL DEVICE MANUFACTURERS ASSOCIATION PAC
C00635516,TELLURIAN INC. PAC
C00255216,MILLER & CHEVALIER PAC
C00562777,LATINO VICTORY FUND
C00329185,QUEST DIAGNOSTICS INCORPORATED PAC
C00118430,AMERICAN ORTHOTIC & PROSTHETIC ASSOCIATION PAC
C00822544,ASTRANIS SPACE TECHNOLOGIES CORP PAC
C00150797,BLANK ROME LLP FED PAC
C00326009,ELECTRIC POWER SUPPLY ASSOCIATION PAC
C00551697,HOBBS STRAUS TRIBAL SOVEREIGNTY DEFENSE PAC
C00339655,US ONCOLOGY GOOD GOVT COMMITTEE
C00417634,WHOLESALE & SPECIALTY INSURANCE ASSOCIATION PAC
C00567883,AMERICAN ASSOCIATION OF CHILD & ADOLESCENT PSYCHIATRY PAC
C00400333,INTERDIGITAL PAC
C00239780,PHILIPS ELECTRONICS NORTH AMERICAN CORP. PAC
C00079541,NARAL PRO-CHOICE AMERICA PAC
C00711747,"THE GREENBRIER COMPANIES, INC. PAC (AKA GREENBRIER PAC)"
C00426874,FEDERATION OF EXCHANGE ACCOMODATORS 1031 PAC
C00097865,NATSO PAC
C00520254,"SOLVAY AMERICA, INC. GOOD GOVERNMENT FUND"
C00671479,AMERICAN CRAFT SPIRITS ASSOCIATION PAC
C00170258,NATIONAL ASSOCIATION OF MUTUAL INSURANCE COMPANIES PAC
C00306449,AMERICAN ACADEMY OF OTOLARYNGOLOGY-HEAD AND NECK SURGERY ENT PAC
C00014019,COMM. ORGANIZED FOR THE TRADING OF COTTON PAC
C00619072,TEA PARTY EXPRESS CAMPAIGN FUND
C00406066,FIRST HORIZON CORPORATION LA FEDERAL PAC
C00228924,COMMUNITY BANCSHARES OF MISSISSIPPI PAC
C00077321,AICPA PAC
C00697789,JERRY CARL FOR CONGRESS
C00034785,ACPAC ACA INTERNATIONAL PAC
C00442905,GARNEY HOLDING COMPANY PAC
C00406215,NATIONWIDE MUTUAL INSURANCE COMPANY POLITICAL ACTI
C00213066,CAREER EDUCATION COLLEGES AND UNIVERSITIES PAC - CECU PAC
C00085316,CIGNA CORPORATION EMPLOYEE PAC
C00035204,ENERGY MARKETERS OF AMERICA SMALL BUSINESS COMMITTEE PAC (EM
C00502906,FACEBOOK INC. PAC
C00131607,FLORIDA CITRUS MUTUAL PAC
C00580068,PROGRESSIVE TURNOUT PROJECT
C00699702,"THE NONPROFIT ALLIANCE PAC, INC. (TNPA PAC)"
C00652537,AMERICAN CLEANING INSTITUTE PAC
C00410084,AMERICAN CLINICAL LABORATORY ASSOCIATION PAC (LABPAC)
C00174227,BAKER & HOSTETLER POLITICAL ACTION COMMITTEE
C00093963,ARCHER DANIELS MIDLAND - ADM PAC
C00365122,"VISA, INC. PAC"
C00487769,SOUTHWEST IOWA RENEWABLE ENERGY LLC PAC
C00207258,XEROX CORPORATION PAC
C00486498,HEALTH INDUSTRY DISTRIBUTORS ASSOCIATION POLITICAL ACTION COMMITTEE
C00015933,PINNACLE WEST CAPITAL CORPORATION PAC
C00330696,"ASSOCIATED MILK PRODUCERS, INC. PAC"
C00486928,ALZHEIMERS IMPACT MOVEMENT POLITICAL ACTION COMMITTEE
C00118208,AMERICAN ROAD & TRANSPORTATION BUILDERS ASSOCIATION PAC
C00303883,CASE NEW HOLLAND INDUSTRIAL INC. EXCELLENCE IN GOVERNMENT FUND (CNH INDUSTRIAL EXCELLENCE IN GOVE...
C00022368,NATIONAL ASSOCIATION OF CHAIN DRUG STORES PAC
C00454850,LSCP PAC
C00396671,HARDWOOD FEDERATION PAC INC.
C00220269,BASIN ELECTRIC POWER COOPERATIVE PAC
C00481986,NORTH DAKOTA FARM BUREAU PAC
C00008748,SEMPRA ENERGY EMPLOYEES PAC
C00563841,CGB ENTERPRISES INC PAC
C00163253,MDU RESOURCES GROUP GOOD GOVT FUND
C00352674,GREAT RIVER ENERGY ACTION TEAM
C00627992,CALIFORNIA ALMOND INDUSTRY PAC FEDERAL
C00536680,HUFFMAN FOR CONGRESS
C00383976,FRIENDS OF COMMUNITY ONCOLOGY PAC
C00144261,APPRAISAL INSTITUTE PAC (APPAC)
C00374355,SHIPBUILDERS COUNCIL OF AMERICA PAC
C00737114,HAWKEYE 360 EMPLOYEE ACTION FUND
C00372201,REDWINGMCPAC
C00007948,WEYERHAEUSER COMPANY POLITICAL ACTION COMMITTEE
C00788976,VIRGIN ORBIT LLC PAC
C00496752,ENTERPRISE PRODUCTS PARTNERS L.P. POLITICAL ACTION COMMITTEE
C00186064,PNC FINANCIAL SERVICES PAC
C00426569,WESTERN ENERGY ALLIANCE PAC
C00123612,TEXTRON INC. POLITICAL ACTION COMMITTEE
C00385039,NUTRIEN AG SOLUTIONS EMPLOYEE CITIZENSHIP FUND PAC
C00440032,PROMOTING OUR REPUBLICAN TEAM
C00332643,BRYAN CAVE LLP POLITICAL ACTION COMMITTEE
C00104687,AO SMITH CORPORATION POLITICAL ACTION COMMITTEE (AOSPAC)
C00039552,KELLOGG COMPANY BETTER GOVERNMENT COMMITTEE
C00521328,"THE NIELSEN COMPANY (US), LLC FEDERAL POLITICAL ACTION COMMITTEE (NIELSEN PAC)"
C00405076,"BEST BUY CO., INC. EMPLOYEE"
C00397851,CENTENE CORPORATION PAC
C00204453,KING & SPALDING PAC
C00579540,ALLY FINANCIAL INC ADVOCACY PAC
C00342394,EBAY INC. COMMITTEE FOR RESPONSIBLE INTERNET COMMERCE
C00289058,GENESEE & WYOMING INC. PAC
C00243659,HY-VEE INC EMPLOYEES' PAC
C00488080,NATIONAL STRIPPER WELL ASSOCIATION PAC (NSWA PAC)
C00082271,PRECISION METALFORMING ASSOCIATION VOICE OF THE INDUSTRY COMMITTEE (PMAVIC)
C00757823,MARINER FINANCE LLC POLITICAL ACTION COMMITTEE
C00041954,CALIFORNIA FARM BUREAU FEDERATION FUND TO PROTECT THE FAMILY
C00140061,NATIONAL EMERGENCY MEDICINE PAC (NEMPAC)
C00480830,PACE OF CA SCHOOL EMPLOYEES ASSN.
C00009357,RECORDING INDUSTRY ASSOCIATION OF AMERICA PAC (FEDERAL PAC)
C00168864,"THE HARTFORD FINANCIAL SERVICES GROUP, INC. PAC"
C00363127,VERIZON MEDIA/OATH INC. PAC
C00464727,HUSKY PAC
C00308387,JIM TURNER FOR CONGRESS COMMITTEE
C00506832,MARC VEASEY CONGRESSIONAL CAMPAIGN COMMITTEE
C00048702,NATIONAL GRID USA PAC
C00581785,SUSTAINABLE ENERGY AND ENVIRONMENT COALITION PAC (SEEC PAC)
C00614917,VALLEY FIRST LEADERSHIP PAC
C00424143,ALLIANCE FOR PHARMACY COMPOUNDING PAC (COMP PAC)
C00602698,AMERICAN WOOD COUNCIL POLITICAL ACTION COMMITTEE (WOOD-PAC)
C00251009,UNITED PILOTS PAC/UNITED AIRLINES MASTER EXECUTIVE COUNCIL
C00752584,NIKEMA FOR CONGRESS
C00573261,END CITIZENS UNITED
C00213819,DELTA PAC
C00438051,DISCOVER FINANCIAL SERVICES POLITICAL ACTION COMMITTEE
C00161414,PROTECTIVE LIFE CORPORATION FEDERAL PAC
C00690735,CGCN PAC
C00146605,FARMERS RICE COOPERATIVE FUND
C00254953,BROOKE HOLDINGS LLC & JACKSON NATIONAL LIFE INSURANCE COMPANY SEPARATE SEGREGATED FUND (JACKSON NATI
C00607861,NATIONAL ACADEMY OF RECORDING ARTS & SCIENCES INC PAC
C00117838,BAXTER HEALTHCARE POLITICAL ACTION COMMITTEE
C00496836,OLD DOMINION FREIGHT LINE INC PAC
C00432963,AMERICAN ROLL-ON ROLL-OFF CARRIER GROUP INC FREEDOM PAC
C00148510,WAWA INC PAC
C00484592,CLEAN FUELS ALLIANCE AMERICA PAC
C00427781,ONLINE LENDERS ALLIANCE PAC
C00264770,ARAPAC
C00575878,MURRAY PLUMBING & HEATING CORPORATION PAC
C00400424,TORCH TECHNOLOGIES INC PAC
C00580589,SCOT FORGE COMPANY PAC
C00553859,DR. BRIAN BABIN FOR CONGRESS
C00693895,COME AND TAKE IT POLITICAL ACTION COMMITTEE
C00565630,MAINTAINING ALL REPUBLICANS IN OFFICE PAC
C00305805,FREEDOM PROJECT; THE
C00030809,NATIONAL COMMUNITY PHARMACISTS ASSOCIATION - PAC
C00672733,BULLDOG PAC
C00383463,ASSOCIATION FOR ACCESSIBLE MEDICINES PAC
C00171843,LIBERTY MUTUAL INSURANCE COMPANY PAC
C00169821,TYSON FOODS INC PAC (TYPAC)
C00143560,ACADEMY OF NUTRITION AND DIETETICS PAC
C00589663,SYSCO CORPORATION GOOD GOVERNMENT COMMITTEE
C00825679,FLORIDA STRONG PAC
C00148882,LINCOLN CLUB OF NORTHERN CALIFORNIA FEDERAL PAC
C00740605,THE GUIDEHOUSE INC. PAC
C00504753,FEDERAL FOREST RESOURCE COALITION PAC
C00295527,CITIZENS UNITED POLITICAL VICTORY FUND
C00253153,"BLOOMIN' BRANDS, INC. PAC"
C00822353,"ELECTROLUX HOME PRODUCTS, INC. EMPLOYEE PAC"
C00529073,"MONDELEZ INTERNATIONAL, INC. PAC"
C00410316,"MONEYGRAM INTERNATIONAL, INC. PAC"
C00256453,REINSURANCE ASSOCIATION OF AMERICA PAC INC (REPAC)
C00139964,NATIONAL ASSOCIATION OF WHEAT GROWERS
C00067884,CARGILL INC PAC
C00359687,OLSSON FRANK AND WEEDA PC FUND FOR AMERICAN VALUES PAC
C00544908,FLORIDA EAST COAST INDUSTRIES LLC GOOD GOVT PAC
C00448324,SMITHS GROUP SERVICES CORPORATION PAC
C00182980,ARKEMA PAC
C00469023,MAGGIE'S LIST
C00376756,SPEAK UP AMERICA PAC 01/10
C00485896,CHS PAC
C00450577,DEMOCRATS TIME IN NEVADA
C00279224,APACHE CORPORATION POLITICAL ACTION COMMITTEE
C00528299,"HILMAR CHEESE COMPANY, INC. PAC"
C00452037,GUARANTY BANK & TRUST POLITICAL ACTION COMMITTEE
C00762427,"APPLIED RESEARCH ASSOCIATES, INC. POLITICAL ACTION COMMITTEE"
C00358812,AMERICAN COLLEGE OF NURSE-MIDWIVES PAC
C00042002,REYNOLDS AMERICAN INC. PAC
C00777458,DARLING INGREDIENTS INC POLITICAL ACTION COMMITTEE (DARPAC)
C00019083,CALIFORNIA CANNING PEACH ASSOCIATION PAC
C00155366,CALIFORNIA ASSOCIATION OF WINEGRAPE GROWERS - FEDERAL
C00089458,NATIONAL STONE SAND & GRAVEL ASSN  ROCKPAC
C00236778,OWNER OPERATOR INDEPENDENT DRIVERS ASSN INC PAC (AKA OOIDA-PAC)
C00489203,UNITED MINE WORKERS OF AMERICA
C00110585,AMERICAN HOSPITAL ASSOCIATION PAC
C00160770,WALGREEN CO PAC (WALGREENSPAC)
C00254201,NATIONAL ASSOCIATION OF MORTGAGE BROKERS PAC
C00235572,ORRINPAC
C00309856,AOPA PAC
C00387878,"ENERGYSOLUTIONS, INC. FUND FOR EFFECTIVE GOVERNMENT (ENERGYS"
C00679860,ANIMAL WELLNESS ACTION PAC
C00564799,POPULATION CONNECTION ACTION FUND PAC
C00776682,SAVE AMERICA NOW PAC
C00799072,ALLIANCE FOR CARE AT THE END OF LIFE DBA HOSPICE ACTION NETWORK HAN PAC
C00392514,FRIENDS OF DAN BRADY
C00720375,BARRY MOORE FOR CONGRESS
C00648295,RUSS FULCHER FOR IDAHO
C00652305,REDEMPTION PAC
C00693713,"OUR FREEDOM, OUR FUTURE"
C00354548,AMERICAN WATER WORKS COMPANY INC. EMPLOYEE FEDERAL PAC
C00630574,AMERICAN OLIVE OIL PRODUCERS ASSOCIATION FEDERAL PAC
C00651430,GOLF COURSE SUPERINTENDENTS ASSOCIATION OF AMERICA PAC
C00420000,NATIONAL ASSOCIATION OF LANDSCAPE PROFESSIONALS INC. PAC
C00578468,SEED FIRST POLITICAL ACTION COMMITTEE
C00411769,"QC HOLDINGS, INC. POLITICAL ACTION COMMITTEE"
C00621987,"IEX GROUP, INC. PAC"
C00432419,HSP DIRECT LLC PAC HSP PAC
C00424382,HUSCH BLACKWELL POLITICAL ACTION COMMITTEE
C00162891,AMERICAN POSTAL WORKERS UNION AFL-CIO
C00426775,CHARTER COMMUNICATIONS INC. POLITICAL ACTION COMMITTEE
C00195024,MACC PAC
C00200139,THE HERSHEY COMPANY POLITICAL ACTION COMMITTEE
C00358903,AMERICAN ASSOCIATION OF NURSE PRACTITIONERS POLITICAL ACTION COMMITTEE
C00553966,"YELP, INC. POLITICAL ACTION COMMITTEE"
C00473249,GRAND CANYON STATE CAUCUS
C00579573,ASSOCIATION OF UNITED STATES POSTAL LESSORS PAC
C00207399,SHASTA COUNTY REPUBLICAN CENTRAL COMMITTEE
C00697375,MILLIKEN & COMPANY PAC
C00679530,RV INDUSTRY ASSOCIATION PAC
C00364133,DUANE MORRIS GOVERNMENT COMMITTEE
C00196428,PGA TOUR INC. POLITICAL ACTION COMMITTEE (PGA TOUR POLITICAL ACTION COMMITTEE)
C00321406,WEBSTER BANK PAC - FEDERAL
C00473652,NOSSAMAN PAC
C00759274,REPUBLICAN PARTY OF VILAS COUNTY
C00002840,UAW V CAP
C00130658,AMERICAN CONSERVATIVE UNION PAC
C00002881,TRUCK PAC
C00368522,JOE WILSON FOR CONGRESS
C00164848,FEDERAL MANAGERS' ASSOCIATION PAC
C00079855,BOWLING PROPRIETORS ASSOC OF AMERICA INC PAC
C00429159,TAVERN LEAGUE OF WISCONSIN INC FEDERAL PAC (WIS TA
C00450692,POET PAC
C00299750,TDS TELECOMMUNICATIONS CORPORATION PAC
C00201871,PORK PAC
C00761726,KANSAS RADIOLOGICAL SOCIETY POLITICAL ACTION COMMITTEE
C00521039,NATIONAL ORGANIZATION OF SOCIAL SECURITY CLAIMANT'S REPRESENTATIVES PAC
C00367375,SAP AMERICA INC PAC
C00558411,US VENTURE INC US PAC
C00220558,"ORRICK HERRINGTON & SUTCLIFFE, LLP FEDERAL PAC"
C00566851,JONI PAC
C00567081,ENERGY INFRASTRUCTURE COUNCIL PAC
C00391797,DIRIGO PAC
C00492454,CORY GARDNER FOR SENATE
C00825844,VOCES UNIDAS PAC
C00431924,KIDNEY CARE PARTNERS PAC
C00471169,ALEXION PHARMACEUTICALS INC. PAC
C00732800,PATRICIA TIMMONS-GOODSON FOR CONGRESS
C00481200,NAGR PAC
C00298190,AMERICAN SHORT LINE & REGIONAL RR ASSOC. PAC (ASLRRA-PAC)
C00774497,BIPARTISAN CLIMATE ACTION
C00409250,SANDLER TRAVIS & ROSENBERG PAC
C00248849,CROPLIFE AMERICA POLITICAL ACTION COMMITTEE
C00356253,TEXAS WHEAT PRODUCERS ASSOCIATION POLITICAL ACTION COMMITTEE
C00429712,THE BRICK INDUSTRY ASSOCIATION PAC
C00691741,"AMERICAN UROLOGICAL ASSOCIATION, INC. POLITICAL ACTION COMMITTEE (AUAPAC)"
C00789370,COHERUS BIOSCIENCES POLITICAL ACTION COMMITTEE
C00330233,ALLIANCE COAL PAC
C00425371,OHIO CATTLEMEN'S ASSOCIATION PAC
C00113019,AMERICANS UNITED IN SUPPORT OF DEMOCRACY
C00153171,AMERICAN BENEFITS COUNCIL PAC
C00410266,VANGUARD COMMITTEE FOR RESPONSIBLE GOVERNMENT
C00314997,LABORATORY CORPORATION OF AMERICA HOLDINGS PAC
C00030734,DISTILLED SPIRITS COUNCIL OF THE UNITED STATES INC PAC
C00439216,ENTERTAINMENT SOFTWARE ASSOCIATION PAC (ESA PAC)
C00411553,AMERICAN ACADEMY OF FAMILY PHYSICIANS FAMMEDPAC
C00769109,HEALTH JOBS JUSTICE
C00022988,AMERICAN HORT PAC (PLANTPAC)
C00034678,AMERICAN WATERWAYS OPERATORS PAC
C00608331,GPA MIDSTREAM ASSN/GPSA ASSN PAC
C00384354,MICHIGAN SUGAR COMPANY GROWERS PAC
C00431312,SIFMA PAC
C00517052,RBC USA HOLDCO CORP FEDERAL POLITICAL ACTION COMMITTEE
C00351270,SIDLEY AUSTIN LLP GOOD GOVERNMENT FUND
C00367177,NATIONAL INDIAN GAMING ASSOC PAC
C00364778,BANK OF AMERICA CORPORATION FEDERAL PAC
C00496307,MARATHON PETROLEUM CORPORATION EMPLOYEES PAC
C00336768,"ARVEST BANK GROUP, INC. PAC"
C00409391,RENAL PHYSICIANS ASSOCIATION PAC RPA PAC
C00764431,406 PAC
C00190306,AMERICAN WIND ENERGY ASSOCIATION WIND PAC AWEA WIND PAC
C00630350,"ESSENT US HOLDINGS, INC. PAC (ESSENTPAC)"
C00511444,HARTFORD FINANCIAL SERVICES GROUP INC. FEDERAL PAC
C00300525,NATIONAL ASSOCIATION OF SURETY BOND PRODUCERS POLITICAL ACTI
C00733527,NEUROCRINE BIOSCIENCES PAC INC.
C00112763,RETAIL LEADERS POLITICAL ACTION COMMITTEE
C00624148,HORIZON THERAPEUTICS PAC
C00415372,NATIONAL ASSOCIATION OF ENROLLED AGENTS PAC
C00423079,DEMOCRATS RESHAPING AMERICA (DREAM PAC)
C00213074,HILTON WORLDWIDE PAC
C00492314,TRANE TECHNOLOGIES COMPANY LLC POLITICAL ACTION COMMITTEE
C00076174,NATIONWIDE MUTUAL INSURANCE COMPANY PAC
C00741090,DIANA FOR CONGRESS
C00329474,YUM BRANDS INC. GOOD GOVERNMENT FUND
C00656546,AMERICAN ASSOCIATION OF COSMETOLOGY SCHOOLS POLITICAL ACTION
C00226548,VISTRA ENERGY LEADERS PAC OF VISTRA ENERGY
C00721811,"JAZZ PHARMACEUTICALS, INC. POLITICAL ACTION COMMITTEE"
C00002766,UNITED FOOD & COMMERICAL WORKERS UNION ACTIVE BALLOT CLUB
C00255562,FRIENDS OF JIM CLYBURN
C00591917,INTERNATIONAL ASSOCIATION OF PLASTICS DISTRIBUTION PLASTICS PAC
C00432393,CRUISE LINES INTERNATIONAL PAC
C00008268,TRANSPORT WORKERS UNION POLITICAL CONTRIBUTIONS COMMITTEE
C00479899,"WOOLPERT, INC PAC"
C00337808,OGE ENERGY CORP EMPLOYEES PAC
C00444885,ASTELLAS US LLC PAC
C00479246,BLACKROCK FUNDS SERVICES GROUP LLC PAC
C00380550,FMR LLC PAC - FEDERAL (FIDELITY PAC)
C00034405,INTERNATIONAL PAPER PAC
C00411116,SPACE EXPLORATION TECHNOLOGIES CORP. PAC
C00383307,W. R. BERKLEY CORPORATION PAC
C00325332,AMERICAN SENIOR HOUSING ASSOCIATION (SENIORS HOUSING PAC)
C00002089,CWA COPE
C00034827,EATON PUBLIC POLICY ASSOCIATION
C00101204,NATIONAL FISHERIES INSTITUTE (FISHPAC)
C00277152,"ROGERS GROUP, INC. PAC"
C00691972,ALLISON TRANSMISSION INC. PAC
C00034132,FLUOR CORPORATION POLITICAL ACTION COMMITTEE
C00247403,NORPAC
C00558718,GENIE ENERGY POLITICAL ACTION COMMITTEE
C00388462,ITC HOLDINGS CORP. PAC
C00423236,SUNOVION PHARMACEUTICALS INC. GOOD GOVERNANCE FUND
C00355719,CENTRUS ENERGY CORP PAC
C00326595,CAPITAL ONE FINANCIAL CORPORATION ASSOCIATES POLITICAL FUND
C00412403,INTELSAT PAC
C00199703,GLAXOSMITHKLINE LLC PAC (GSK PAC)
C00523233,"EDF RENEWABLES, INC. PAC"
C00763623,ANDURIL INDUSTRIES INC. PAC
C00249359,BAKERY CONFECTIONERY TOBACCO WKRS & GRAIN MILLERS INT'L UNION LOCAL 19 POL ORG 'BCTGM'
C00241851,"BRINKER INTERNATIONAL, INC. PAC"
C00034470,"DIAGEO NORTH AMERICA, INC. EMPLOYEES' POLITICAL PARTICIPATION COMMITTEE"
C00386367,NEW YORK MARINE TRADES ASSOCIATION INC. BOAT PAC NYMTA (BOAT PAC)
C00013961,SMAC PAC
C00326389,AMALGAMATED SUGAR COMPANY POLITICAL ACTION COMMITTEE
C00429001,PURPOSE FINANCIAL INC PAC
C00323048,ORACLE AMERICA INC PAC
C00100131,GOODYEAR GOOD GOVT FUND PAC
C00477299,"VMWARE, INC. PAC"
C00410324,"RENT-A-CENTER, INC. GOOD GOVERNMENT POLITICAL ACTION COMMITTEE"
C00033555,FLOWERS FOODS INC. PAC
C00459933,"AARON'S, INC POLITICAL ACTION COMMITTEE"
C00455766,THE MOSAIC COMPANY POLITICAL ACTION COMMITTEE (MOSAICPAC)
C00451153,GRIDIRON PAC
C00228296,THE ASCAP LEGISLATIVE FUND FOR THE ARTS
C00632588,AVANTUS LLC PAC
C00585893,CONSERVATIVE PROMISES PAC
C00003632,BRICKLAYERS AND ALLIED CRAFT PAC
C00485979,COGNIZANT TECHNOLOGY SOLUTIONS CORPORATION PAC (COGNIZANT PAC)
C00345173,HEXCEL CORPORATION PAC
C00804179,COINBASE INC. INNOVATION PAC (COINBASE INNOVATION PAC)
C00760124,NATIONAL VICTORY ACTION FUND
C00491928,"KEEFE, BRUYETTE & WOODS, INC. PAC"
C00133389,FUTURES INDUSTRY PAC
C00458828,TEAM GRAHAM INC.
C00652727,JOSH HAWLEY FOR SENATE
C00153577,ERIE INDEMNITY COMPANY PAC - FEDERAL
C00494005,RISK PAC
C00612432,FRIENDS OF MATT GAETZ
C00566042,FRIENDS OF MEDICAL RESEARCH PAC
C00321158,SALEM COMMUNICATIONS CORPORATION POLITICAL ACTION COMMITTEE
C00354290,AMERICAN FAMILY MUTUAL INSURANCE COMPANY FEDERAL PAC
C00425439,THOROUGHBRED PAC
C00266932,CHAMBLISS FOR SENATE
C00419051,SMITH & WESSON BRANDS INC PAC
C00461046,FRIENDS OF PAT TOOMEY
C00311308,THE TIMKEN COMPANY GOOD GOVERNMENT FUND
C00135459,PARKER HANNIFIN CORPORATION PAC
C00458463,PORTMAN FOR SENATE COMMITTEE
C00497818,WENSTRUP FOR CONGRESS
C00416594,JIM JORDAN FOR CONGRESS
C00041590,ASSOCIATION OF AMERICAN PHYSICIANS AND SURGEONS POLITICAL AC
C00233247,MANAGEMENT ASSOCIATION FOR PRIVATE PHOTOGRAMMETRIC SURVEYORS
C00709899,SARA GIDEON FOR MAINE
C00193979,WESTERN GROWERS POLITICAL ACTION COMMITTEE
C00066472,AMERICAN PROPERTY CASUALTY INSURANCE ASSOCIATION POLITICAL A
C00383489,PUBLIC SERVICE ENTERPRISE GROUP INC. POLITICAL ACTION COMMITTEE (PEGPAC)
C00081414,AMERICAN SUGAR CANE LEAGUE PAC
C00658401,GREG PENCE FOR CONGRESS
C00346130,APTIV PLC PAC
C00663914,DEBBIE LESKO FOR CONGRESS
C00442913,BURNS AND MCDONNELL INC. PAC
C00616938,HAIER US APPLIANCE SOLUTIONS INC. DBA GE APPLIANCES PAC
C00659060,PCG (PERFORMANCE CONTACTING GROUP) EMPLOYEE OWNERS PAC
C00394163,PHYSICIAN HOSPITALS OF AMERICA PAC
C00639260,US RENAL CARE PAC
C00811687,SAAB INC. EMPLOYEES PAC - SAAB PAC
C00613521,SEMICONDUCTOR INDUSTRY ASSOCIATION PAC (SIA PAC)
C00540732,SCHATZ FOR SENATE
C00431353,KLOBUCHAR FOR MINNESOTA
C00807107,SHARON MCPHAIL FOR CONGRESS
C00500843,"WARREN DEMOCRATS, INC."
C00416636,"STAMPS.COM, INC. PAC"
C00708958,UNIT CORPORATION PAC
C00035535,CONSUMER BANKERS ASSOC PAC
C00027359,IRONWORKERS POLITICAL ACTION LEAGUE
C00553834,OTSUKA AMERICA PHARMACEUTICAL INC. PAC (OTSUKA US PAC)
C00543876,"CALGON CARBON CORPORATION PAC, INC."
C00637371,CHRISSY HOULAHAN FOR CONGRESS
C00508804,SINEMA FOR ARIZONA
C00768317,COLORADANS FOR KERRY DONOVAN
C00040998,NADAPAC
C00660902,CNX RESOURCES CORPORATION PAC
C00635367,TENACIOUS PAC
C00516724,JOBS ENERGY AND OUR FOUNDING FATHERS PAC-JEFF PAC
C00003160,NORTH AMERICA'S BUILDING TRADES UNION PAC
C00563601,SUPPORTING HOUSE PROBLEM SOLVERS - SHP PAC
C00328211,FRIENDS OF MAX BAUCUS
C00068353,LEAHY FOR U.S. SENATOR COMMITTEE
C00122101,SAFARI CLUB INTERNATIONAL PAC
C00457366,"SELF-INSURANCE INSTITUTE OF AMERICA, INC. PAC"
C00793711,CONSTELLATION EMPLOYEE PAC
C00554113,RATCLIFFE FOR CONGRESS
C00708164,THERESA GREENFIELD FOR IOWA
C00767400,JEFF JACKSON FOR US SENATE
C00007880,CULAC PAC
C00232967,FLORIDA FRUIT & VEGETABLE ASSOCIATION POLITICAL ACTION COMMI
C00272211,PETE KING FOR CONGRESS COMMITTEE
C00238444,COSTELLO FOR CONGRESS COMMITTEE
C00495002,AMERICAN INVESTMENT COUNCIL POLITICAL ACTION COMMITTEE
C00755454,US ENERGY PAC (THE PAC OF AXPC)
C00723122,BOLLIER FOR KANSAS
C00333104,AMERICAN RETIREMENT ASSOCIATION PAC
C00234120,UNITED STATES SUGAR CORPORATION EMPLOYEE STOCK OWNERSHIP PLAN PAC
C00379768,EXPERIAN NORTH AMERICA INC PAC
C00696153,JAIME HARRISON FOR SENATE
C00768416,BRUNO FOR CONGRESS
C00710848,DMFI PAC
C00706630,POWER OF US PAC
C00620740,BOULE 1904 PAC
C00649350,MJ FOR TEXAS
C00703033,DAN FOR COLORADO
C00687145,FRIENDS OF PATTY KIM
C00775510,VAL ARKOOSH FOR US SENATE
C00551846,CONTINENTAL AUTOMOTIVE PAC
C00135681,FARMERS INSURANCE PAC
C00164145,USAA EMPLOYEE PAC
C00041608,POTLATCHDELTIC PAC EMPLOYEES POLITICAL FUND
C00586859,MORTGAGE GUARANTY INSURANCE CORPORATION PAC (MGIC-PAC)
C00347955,LIFEPOINT HEALTH PAC
C00362624,CALIFORNIA RICE INDUSTRY ASSN FUND (CALIFORNIA RICE FUND)
C00495705,MAKE IT IN AMERICA PAC
C00748228,MARCH ON PAC
C00141747,FRIENDS OF ISRAEL POLITICAL ACTION COMMITTEE - FIPAC
C00349233,NEW MILLENIUM PAC
C00302166,RADIAN GROUP INC PAC
C00462697,GARAMENDI FOR CONGRESS
C00007450,AMERICAN GAS ASSOC PAC
C00377689,"PROSPERITY ACTION, INC."
C00387720,U.S.-CUBA DEMOCRACY POLITICAL ACTION COMMITTEE
C00300178,WELLS FARGO AND COMPANY EMPLOYEES GOOD GOVERNMENT FEDERAL FUND II
C00372979,RADIANCE TECHNOLOGIES INC. POLITICAL ACTION COMMITTEE
C00003251,NEA FUND FOR CHILDREN AND PUBLIC EDUCATION
C00769471,BARTOS FOR US SENATE INC
C00711051,COSTELLO FOR CONGRESS
C00657833,GUY FOR CONGRESS
C00394957,SCALISE FOR CONGRESS
C00697052,FRED KELLER FOR CONGRESS
C00528075,FIRST CAPITAL PAC
C00386524,TRUIST FINANCIAL CORPORATION FEDERAL PAC
C00110577,LINCOLN NATIONAL CORP. PAC
C00290973,CLEVELAND-CLIFFS INC. PAC
C00491951,NOMURA HOLDING AMERICA INC. PAC (NOMURAPAC)
C00073155,KEYCORP ADVOCATES FUND
C00578096,THE PRIVATE INVESTOR COALITION INC. PAC (PIC PAC)
C00095869,POWER PAC
C00205369,VAN NESS FELDMAN LLP PAC
C00460550,JEFF DUNCAN FOR CONGRESS
C00724229,VICTORY EAST
C00539866,ROBIN KELLY FOR CONGRESS
C00023580,NATIONAL ASSOCIATION OF LETTER CARRIERS POLITICAL FUND
C00813436,PUBLIC WISE PAC
C00498212,ALAN LOWENTHAL FOR CONGRESS
C00443705,JACKIE SPEIER FOR CONGRESS
C00546358,ALMA ADAMS FOR CONGRESS
C00794727,FOUSHEE FOR CONGRESS
C00503110,SCOTT PETERS FOR CONGRESS
C00409227,PREMERA BLUE CROSS POLITICAL ACTION COMMITTEE/PREMERA PAC
C00001388,DAIRY FARMERS OF AMERICA INC DEPAC
C00376665,COOPER FOR CONGRESS
C00476564,CICILLINE COMMITTEE
C00025163,VERIZON COMMUNICATIONS INC. PAC
C00289603,LOFGREN FOR CONGRESS
C00814277,QUEER-TRANS AMERICA FUND
C00502179,MARK POCAN FOR CONGRESS
C00826297,DEMOCRACY ACTION NOW PAC
C00722876,TRICIA ZUNKER FOR WISCONSIN
C00450916,ASURION LLC POLITICAL ACTION COMMITTEE (ASURION PAC)
C00444620,FRIENDS OF GLENN THOMPSON
C00366468,CORECIVIC INC. PAC
C00027532,AMERICAN MARITIME OFFICERS VOLUNTARY PAC
C00501643,DAVID ROUZER FOR CONGRESS
C00112896,PHILLIPS 66 POLITICAL ACTION COMMITTEE (PAC66)
C00411579,ACTON PAC
C00409789,BLESSEY MARINE SERVICE INC. POLITICAL ACTION COMMITTEE
C00543892,LOUDERMILK FOR CONGRESS
C00185694,ASSURANT INC. PAC
C00436485,COMMITTEE ON PIPE AND TUBE IMPORTS FEDERAL PAC
C00667964,O'CONNOR FOR CONGRESS
C00410753,SIRES FOR CONGRESS
C00220764,VSS&P FEDPAC
C00482737,AUSTIN SCOTT FOR CONGRESS INC.
C00504019,RICK W. ALLEN FOR CONGRESS
C00635557,DO RIGHT BAYOU PAC
C00420695,JPAC
C00707638,DIANE FOR COLORADO CD3
C00569970,EAFA PAC
C00204370,FRIENDS FOR HARRY REID
C00012229,ALASKANS FOR DON YOUNG INC.
C00078261,"UNITED AIRLINES, INC. PAC"
C00408120,AMERICAN MEDICAL GROUP ASSOC. PAC
C00311944,DGA-PAC THE POLITICAL ACTION COMMITTEE OF THE DIRECTORS GUILD OF AMERICA
C00171504,PAC FOR AMERICAN SOCIETY OF CATARACT AND
C00573394,BULLDOG VICTORY PAC
C00810994,HAUGEN FOR CONGRESS
C00538835,COMMON GROUND PAC
C00546119,SELECT MEDICAL CORPORATION PAC
C00686287,PLAINS ALL AMERICAN GP LLC PAC
C00575126,JAMIE RASKIN FOR CONGRESS
C00513531,FILEMON VELA FOR CONGRESS
C00229377,FRIENDS OF CLIFF STEARNS
C00699058,APL MARITIME LTD. PAC
C00345306,NATIONAL POSTAL MAIL HANDLERS UNION PAC
C00388157,AMERICAN COMPOSITES MANUFACTURERS ASSOCIATION PAC
C00280222,KPMG PAC
C00727800,MOE DAVIS FOR CONGRESS
C00412098,ASSOCIATION OF KENTUCKY FRIED CHICKEN FRANCHISEES PAC
C00333427,WALDEN FOR CONGRESS
C00012310,BLACK & VEATCH PAC
C00792549,HOUCHENS INDUSTRIES INC PAC
C00652883,ALTERMAN MANAGEMENT GROUP INC PAC
C00523613,DEXTER APACHE HOLDINGS INC PAC
C00491456,NORTH CAROLINA SOYBEAN PRODUCERS ASSOCIATION NC SOYPAC
C00079681,NATIONAL PROPANE GAS ASSOCIATION POLITICAL ACTION COMMITTEE
C00216184,ANESTHESIA SERVICE MEDICAL GROUP ADVOCACY FUND
C00581728,FC COMPASSUS LLC PAC
C00017525,AMERICAN NURSES ASSN PAC
C00229104,DUNCAN FOR CONGRESS
C00201533,TIM JOHNSON FOR SOUTH DAKOTA
C00543561,HOLDEN INDUSTRIES INC PAC
C00140855,FIRSTENERGY PAC
C00780999,AMERICA STRONG AND FREE PAC INC
C00531764,ANN PAC
C00763847,NATIONAL RENTAL HOME COUNCIL POLITICAL ACTION COMMITTEE
C00763649,TROY CARTER FOR CONGRESS
C00654939,"APL MARITIME, LTD PAC"
C00800623,DAVE MCCORMICK FOR US SENATE
C00438721,WE THE PEOPLE PAC
C00655332,CLOUD FOR CONGRESS
C00634519,DEFEND FREEDOM PAC
C00662767,CHIP ROY FOR CONGRESS
C00206672,NEWMONT EMPLOYEES PAC
C00085480,OMEGA PROTEIN INC. PAC
C00401034,BRIAN HIGGINS FOR CONGRESS
C00301663,KINGS RIVER WATER POLITICAL ACTION COMMITTEE
C00045781,OUTDOOR ADVERTISING ASSOCIATION OF AMERICA PAC
C00625772,DEMOCRATIC WOMEN OF SOUTH ORANGE COUNTY
C00007922,LIUNA PAC
C00011114,AMERICAN FEDERATION OF STATE COUNTY & MUNICIPAL EMPLOYEES PEOPLE
C00442111,TIGER PAC
C00386748,VIRGINIA FOXX FOR CONGRESS
C00686402,NOOGA PAC
C00445379,MAKING AMERICA PROSPEROUS PAC
C00000729,AMERICAN DENTAL ASSOCIATION POLITICAL ACTION COMMITTEE
C00494302,LEAD ENCOURAGE ELECT PAC
C00165605,NGA GROCERS PAC
C00774588,MISSION FIRST PEOPLE ALWAYS PAC
C00808139,LEADERSHIP IN SAVING AMERICA (LISA) PAC
C00399386,ZIMMER BIOMET PAC
C00728386,DEFEATING COMMUNISM PAC
C00292136,OTTER TAIL CORPORATION PAC
C00805846,LEADING THE PAC
C00772244,UPSET THE SETUP
C00726224,PEOPLE4AMERICA FEDERAL COMMITTEE
C00792127,FAIR ISAAC CORPORATION PAC (FICO PAC)
C00775999,DEPENDABLE CONSERVATIVE LEADERSHIP PAC
C00103697,BECHTEL PAC
C00754648,"GRAIL, INC. PAC"
C00811786,DEMOCRACY DEFENSE FUND
C00771527,JOBS FOR A NEW ECONOMY PAC
C00767871,REV UP PAC
C00771238,DEFEND THE DREAM PAC
C00776575,BLUE STATES PAC
C00542621,MAPLE PAC
C00621466,HEALTH JUSTICE PAC
C00705368,WORKING HARDER PAC
C00378216,SUNPAC
C00772434,PAC FOR AMERICA
C00788661,"GLOBAL BLOOD THERAPEUTICS, INC. PAC (GBT PAC)"
C00777391,CJS PAC
C00499798,VICKY PAC
C00744425,"PEOPLETEC, INC. PAC"
C00516864,AUSTAL USA LLC FEDERAL PAC
C00777326,ALLIANCE FOR PHYSICAL THERAPY QUALITY AND INNOVATION PAC
C00770412,THE BLUE SOUTH PAC
C00371625,NATIONAL AIR CARRIER ASSOCIATION POLITICAL ACTION COMMITTEE
C00080135,BLUE DIAMOND GROWERS POLITICAL ACTION COMMITTEE
C00691626,CUT THE BULL PAC
C00489591,"NATIONAL ASSOCIATION OF THEATRE OWNERS, INC. PAC (NATO POLITICAL ACTION COMMITTEE)"
C00378950,SMOKE BEND ASSOCIATES LLC FEDERAL POLITICAL ACTION COMMITTEE
C00656132,SERVING OUR COUNTRY (SOC) PAC
C00244368,JOINT ACTION COMMITTEE FOR POLITICAL AFFAIRS
C00507699,NIADA PAC
C00131185,AOPA PAC
C00128512,JP MORGAN CHASE & CO. PAC
C00790139,PRIMACY PAC DC
C00094573,ELECT PAC
C00214148,AMERICAN PEANUT SHELLERS ASSOCIATION PAC
C00236489,KOCH INDUSTRIES INC. PAC
C00374298,NATIONAL PEANUT BUYING POINTS ASSN PEANUT BUYING POINT PAC
C00214304,"AHOLD DELHAIZE USA, INC. POLITICAL ACTION COMMITTEE"
C00211250,AON CORPORATION POLITICAL ACTION COMMITTEE
C00251447,I.P.H.F.H.A. INC. POLITICAL ACTION COMMITTEE INC.
C00819888,DUTY FIRST PAC
C00383521,IFDAPAC
C00761932,TRUGREEN PAC
C00415026,AMERICAN FUELS & PETROCHEMICAL MANUFACTURERS PAC
C00236034,WERNER ENTERPRISES INC POLITICAL ACTION COMMITTEE
C00015552,BEEF PAC OF TEXAS CATTLE FEEDERS ASSOCIATION
C00389288,CHESAPEAKE ENERGY CORPORATION FEDERAL PAC
C00379180,NATIONAL ASSN OF CHEMICAL DISTRIBUTORS RESPONSIBLE DISTRIBUT
C00495556,TRINET GROUP INC. POLITICAL ACTION COMMITTEE
C00770214,CHAMPION AMERICAN VALUES
C00065219,WINE INSTITUTE PAC
C00541177,ZOETIS INC. PAC AKA ZOETIS PAC
C00521823,RIGHT GROUP
C00342766,HF SINCLAIR PAC
C00508309,INDEPENDENT PHARMACY COOPERATIVE PAC ('IPC PAC')
C00447284,NATIONAL ASSOCIATION OF PROFESSIONAL EMPLOYER ORGANIZATIONS
C00382150,"THE GEO GROUP, INC. PAC"
C00398271,ENVISION HEALTHCARE CORPORATION POLITICAL ACTION COMMITTEE
C00769810,OWENS & MINOR INC. PAC
C00082040,CHAMBER OF COMMERCE OF THE UNITED STATES OF AMERICA
C00466813,HUMANE SOCIETY LEGISLATIVE FUND POLITICAL ACTION COMMITTEE
C00493221,GUARDIAN LEADERSHIP PAC
C00636753,ACADEMY OF RAIL LABOR ATTORNEYS PAC
C00358663,ARDA ROC-PAC
C00082917,AGC PAC
C00346288,PREMIER INC. EMPLOYEES' CIVIC ACTION FUND
C00389585,GLOBAL MEDICAL RESPONSE INC. POLITICAL ACTION COMMITTEE
C00409516,"DIRECT SUPPLY, INC. PARTNERS PAC (DSI PARTNERS PAC)"
C00692640,FIGHTING FOR MISSOURI PAC
C00441980,"GLOBAL PAYMENTS, INC. PAC (GLOBAL PAYMENTS PAC)"
C00233304,NAIOP PAC
C00513549,PHILLIPS 66 PAC
C00382028,IRANIAN AMERICAN PAC
C00311142,TROUTMAN SANDERS LLP
C00401687,BUNGE NORTH AMERICA INC PAC
C00062646,GENERAL MILLS INC. PAC
C00660894,GARMIN INTERNATIONAL INC PAC
C00196725,HEWLETT PACKARD ENTERPRISE COMPANY PAC
C00246306,IPAA WILDCATTERS FUND
C00188011,NATIONAL TANK TRUCK CARRIERS INC PAC
C00142786,NIKE PAC
C00010868,AMERICAN COUNCIL OF ENGINEERING COMPANIES PAC
C00796813,CATALENT INC. PAC
C00525071,COMMERCIAL METALS COMPANY PAC (CMC PAC)
C00342113,DYKEMA GOSSETT FEDERAL PAC
C00439992,KEYSTONE AMERICA PAC
C00654475,SMART SOLUTIONS PAC
C00409714,FINANCIAL SERVICES INSTITUTE PAC
C00409110,GREEN MOUNTAIN PAC
C00805572,WORKIVA INC. DATA FUND
C00820712,BROKER ACTION COALITION PAC (BACPAC) FOR ASSOCIATION OF INDEPENDENT MORTGAGE EXPERTS
C00362640,CALPINE CORP PAC
C00697409,"IPSEN BIOPHARMACEUTICALS, INC. EMPLOYEE PAC (IPSEN EMPLOYEE PAC)"
C00689091,THE CARLYLE GROUP INC. PAC (AKA 'CARLYLE PAC')
C00359075,"SMITHFIELD FOODS INC POLITICAL ACTION COMMITTEE, (HAMPAC)"
C00366013,"NASDAQ, INC. PAC(NASDAQ PAC)"
C00544254,PERIMETER PAC
C00460972,BLUE WAVE PROJECT
C00497073,LOBO PAC
C00338020,ARGENTUM'S SILVER PAC
C00625921,AAR CORP. PAC
C00362707,CISCO SYSTEMS INC. FEDERAL PAC
C00333666,JAPAC
C00493270,LEHIGH HANSON INC. PAC
C00571042,MOTORSPORTS ACCEPTANCE CORPORATION PAC (SPEED PAC)
C00674127,INDIAN AMERICAN IMPACT FUND
C00538769,ALASKA BERING SEA CRABBERS PAC
C00343459,AMERICAN COLLEGE OF RADIOLOGY ASSOCIATION PAC
C00432823,RHEUMPAC
C00210526,AMERICAN FIDELITY CORPORATION POLITICAL ACTION COMMITTEE
C00456939,HAWAIIAN AIRLINES INC POLITICAL ACTION COMMITTEE
C00432757,NATIONAL ASSOCIATION OF DISABILITY REPRESENTATIVES PAC (NADR PAC)
C00144766,NATIONAL BEER WHOLESALERS ASSOCIATION PAC
C00411694,SALTCHUK RESOURCES PAC
C00365254,THE SCOTTS MIRACLE-GRO COMPANY STEWARDSHIP PAC
C00573295,INTERNATIONAL ALLIANCE OF THEATRICAL STAGE EMPLOYEES
C00663062,NATIONAL ASSOCIATION OF EMS PHYSICIANS PAC (NAEMS PAC)
C00060707,NATIONAL ASSOCIATION OF SOCIAL WORKERS
C00198606,ADTALEM GLOBAL EDUCATION INC. POLITICAL ACTION COMMITTEE
C00034645,AMERICAN SOCIETY FOR CLINICAL LABORATORY SCIENCE POLITICAL ACTION COMMITTEE (FKA ASMT/PAC)
C00437798,HEARPAC OF HEARING INDUSTRIES ASSOCIATION
C00325076,CAMPAIGN FOR WORKING FAMILIES PAC
C00493809,KEEPING REPUBLICAN IDEAS STRONG TIMELY & INVENTIVE
C00007542,SHEET METAL POLITICAL ACTION LEAGUE
C00293910,AMERICAN ASSOCIATION OF ORTHODONTISTS POLITICAL ACTION COMMITTEE
C00110338,AMERICAN CRYSTAL SUGAR COMPANY POLITICAL ACTION COMMITTEE
C00484584,JETBLUE AIRWAYS CORPORATION CREWMEMBER GOOD GOVERNMENT FUND
C00109546,VALERO PAC
C00374447,AECOM PAC
C00483677,AMERICAN PETROLEUM INSTITUTE PAC
C00705996,DIVERSIFIED GAS & OIL CORPORATION PAC
C00388934,FUND FOR AMERICA'S FUTURE
C00409003,HEARTLAND VALUES PAC
C00567693,HAWAII PAC
C00296640,REPUBLICAN MAJORITY FUND
C00114694,AIRLINES FOR AMERICA (A4A) POLITICAL ACTION COMMITTEE
C00376376,TRAVELERS COMPANIES INC. PAC
C00000901,BUILD PAC
C00232843,"INFIN, A FINANCIAL SERVICES ALLIANCE, INC. PAC ('INFIN PAC')"
C00730903,MISSISSIPPI FARM BUREAU FEDERATION FURTHERING AGRICULTURE FO
C00814152,TURNING POINT PAC INC.
C00003764,NATIONAL RESTAURANT ASSOC PAC
C00410092,PEOPLE'S VOICE PAC
C00149211,AFSCME PEOPLE
C00491936,COMMON SENSE COLORADO PAC
C00428979,JJF MANAGEMENT SERVICES INC. PAC
C00403592,NARRAGANSETT BAY PAC
C00292318,THERMO FISHER SCIENTIFIC INC. PAC
C00369090,WENDYS COMPANY PAC
C00422501,CSL BEHRING EMPLOYEES PAC
C00365965,AMERICAN ACADEMY OF PEDIATRIC DENTISTRY PAC
C00429662,ENBRIDGE  POLITICAL ACTION COMMITTEE
C00431874,FOLLOW THE NORTH STAR FUND
C00629311,GRANITE VALUES PAC
C00365270,M-PAC
C00539601,PINEAPPLE PAC
C00552323,HEATING AIR-CONDITIONING & REFRIGERATION DISTRIBUTORS INTERNATIONAL PAC
C00656868,CHEMOURS COMPANY POLITICAL ACTION COMMITTEE
C00557322,HESS CORPORATION POLITICAL ACTION COMMITTEE
C00124016,HECLA PAC
C00163212,"OUTDOOR AMUSEMENT BUSINESS ASSOCIATION, INC. POLITICAL ACTION COMMITTEE"
C00204099,JOHN DEERE PAC
C00458570,A NEW DIRECTION PAC
C00503680,CROP INSURANCE PROFESSIONALS ASSOCIATION PAC
C00108035,MCKESSON CORPORATION EMPLOYEES PAC
C00764233,DEFEND THE VOTE
C00188987,NATIONAL ASSOCIATION FOR HOME CARE & HOSPICE POLITICAL ACTION COMMITTEE (NAHC PAC)
C00699140,LOAN SYNDICATIONS AND TRADING ASSOCIATION PAC
C00652529,LOCKTON INC POLICTICAL ACTION COMMITTEE
C00043463,MANUFACTURED HOUSING INSTITUTE PAC
C00455394,WGAW PAC
C00428391,REPUBLIC SERVICES INC. PAC
C00507574,MOTOR CITY PAC
C00284885,THE HOME DEPOT INC. POLITICAL ACTION COMMITTEE
C00461756,AMERICA'S PHYSICIAN GROUPS PAC
C00364455,FIDELITY NATIONAL FINANCIAL INC PAC 2001
C00041038,AVISTA EMPLOYEES FOR EFFECTIVE GOVERNMENT
C00330019,FOX CORPORATION PAC II
C00554097,STUPP BROS INC. PAC
C00000059,"HALLMARK CARDS, INC. PAC (HALLPAC)"
C00363838,HUNTSMAN CORPORATION PAC (HUNTSMAN PAC)
C00240911,JM FAMILY ENTERPRISES INC POLITICAL ACTION COMMITTEE
C00571802,SENSIBLE AMERICAN SOLUTIONS SUPPORTING EVERYONE PAC
C00034272,NATIONAL CHICKEN COUNCIL POLITICAL ACTION COMMITTEE
C00498154,THE PRIVATE CARE ASSOCIATION PAC
C00363648,FIRST STATE PAC
C00363945,SYNGENTA CORPORATION EMPLOYEE PAC
C00670331,"ALNYLAM PHARMACEUTICALS, INC. PAC"
C00114702,OCEAN SPRAY CRANBERRIES INC. PAC
C00280008,AKERMAN LLP PAC
C00615203,SENIOR CARE PHARMACY COALITION PAC
C00574103,"US ANESTHESIA PARTNERS, INC. PAC"
C00012245,UBS AMERICAS INC. POLITICAL ACTION COMMIITTEE (UBS PAC)
C00491365,HARRY S. TRUMAN CLUB
C00502807,UNITED STATES PEANUT POLITICAL ACTION COMMITTEE (US PEANUT P
C00692319,VOTER PROTECTION PROJECT
C00197749,THE WALT DISNEY COMPANY EMPLOYEES PAC
C00215285,GENERAL ATOMICS POLITICAL ACTION COMMITTEE
C00147983,NATIONAL ACTION COMMITTEE (NACPAC)
C00040279,ABBOTT LABORATORIES EMPLOYEE POLITICAL ACTION COMMITTEE
C00450866,CONCORDIA PAC
C00623512,IN THE ARENA PAC
C00199257,GENENTECH INC. POLITICAL ACTION COMMITTEE
C00529909,AIR METHODS CORPORATION POLITICAL ACTION COMMITTEE (AMPAC)
C00469205,"MEDNAX, INC. FEDERAL POLITICAL ACTION COMMITTEE"
C00039321,PEPSICO INC.CONCERNED CITIZENS FUND
C00040394,THE WILLIAMS CO PAC
C00726729,SOUTH JERSEY UNITED IN TRUST (SJUIT) PAC
C00216127,"DENTONS US, LLP PAC"
C00375584,GREAT LAKES PAC
C00332833,CARDINAL HEALTH INC PAC
C00551184,"CONTINENTAL RESOURCES, INC. PAC"
C00493361,RAZOR PAC
C00551366,RIGHTNOW WOMEN PAC
C00743641,BLUE SENATE PAC
C00632323,DOC'S PAC
C00493551,METLIFE INC EMPLOYEES PPF A - FEDERAL ONLY
C00789602,SLYVAMO CORPORATION PAC
C00340455,ESSENTIAL UTILITIES INC. POLITICAL ACTION COMMITTEE
C00528414,HEALTHCARE FREEDOM FUND
C00432096,KEYSTONE ALLIANCE POLITICAL ACTION COMMITTEE
C00240457,PILOTS' SOCIETY PAC
C00433482,"TE CONNECTIVITY, INC. PAC (TEPAC)"
C00492983,NUTMEG PAC
C00126763,NACS PAC
C00110478,PEABODY PAC
C00471565,"THE CONTINUUM FUND, ZACHRY HOLDINGS, INC. POLITICAL ACTION COMMITTEE"
C00416131,MIDWEST VALUES PAC
C00692111,VELVET HAMMER PAC
C00289165,STOEL RIVES POLITICAL ACTION COMMITTEE
C00617381,THE COLLECTIVE PAC
C00344325,IATSE PAC
C00617803,JOBS EDUCATION AND FAMILY FIRST (JEFF PAC)
C00120873,J. R. SIMPLOT COMPANY POLITICAL ACTION COMMITTEE
C00433680,TREASURE STATE PAC
C00652164,JERSEY VALUES PAC
C00220053,RICELAND FOODS INC PAC
C00185520,UNIVERSAL HEALTH SERVICES EMPLOYEES' GOOD GOVERNMENT FUND
C00282038,SONY PICTURES ENTERTAINMENT INC PAC
C00493700,BLUE HEN PAC
C00032979,DRIVE COMMITTEE
C00325647,FIRST COMMAND PAC
C00507392,ENCORE CAPITAL GROUP INC PAC
C00193177,BANK POLICY INSTITUTE PAC
C00200089,OWENS CORNING BETTER GOVERNMENT FUND
C00349225,SPINE PAC OF THE NATIONAL ASSOCIATION OF SPINE SPECIALISTS
C00253468,FEDERAL AGRICULTURAL MORTGAGE CORP. PAC
C00516526,ALLIANCE OF AUTOMOBILE MANUFACTURERS INC PAC
C00403881,AMERICAN COLLEGE OF PHYSICIAN SERVICES INC PAC
C00010124,ASSOCIATED EQUIPMENT DISTRIBUTORS PAC
C00406892,APPLIED MATERIALS INC PAC
C00051979,NISOURCE INC. PAC
C00237065,PORTLAND CEMENT ASSOCIATION INC. - CEMENT PAC
C00329425,BURGER KING FRANCHISEE PAC
C00357129,AMERICAN ASSOCIATION FOR HOMECARE PAC
C00104083,RITE AID CORPORATION PAC
C00335257,INTERNATIONAL HEALTH RACQUET & SPORTSCLUB ASSOCIATION PAC
C00713669,GREEN PLAINS INC PAC
C00402081,RPM INTERNATIONAL INC. MANUFACTURING IN AMERICA PAC DBA RPM
C00422774,FRONTLINE USA
C00499343,STRATEGIC PUBLIC PARTNERS PAC
C00497131,PURPOSE PAC
C00542027,BIG SKY OPPORTUNITY PAC
C00777706,"MEDICAL DEVICE INNOVATION PAC, A POLITICAL ACTION COMMITTEE OF SMITHS GROUP SERVICES CORP"
C00492157,INSPIRE BRANDS INC. POLITICAL ACTION COMMITTEE
C00430157,CHENIERE ENERGY INC. PAC
C00191759,RENASANT BANK EMPLOYEES VOLUNTARY PAC
C00638882,RFC FEDERAL PAC
C00137729,HOLLAND & HART FEDERAL PAC H & H PAC
C00346361,WESTINGHOUSE ELECTRIC PAC
C00024703,JOHN DEERE PAC
C00116996,LENNOX EMPLOYEE ADVOCACY PROGRAM
C00366559,NRG ENERGY PAC
C00417394,INTERNATIONAL ASSOCIATION OF HEAT/ FROST INSULATORS/ ASBESTOS WORKERS LOCAL NO 1 PAC
C00304832,"CONSTELLATION BRANDS, INC. PAC"
C00691634,"ADVANCED DRAINAGE SYSTEMS, INC. PAC"
C00619601,340B HEALTH POLITICAL ACTION COMMITTEE (340B HEALTH PAC)
C00343707,"MAXIMUS, INC. PAC"
C00572503,KILPATRICK TOWNSEND POLITICAL ACTION COMMITTEE
C00126847,KAMAN CORP. GOOD GOVT. FUND
C00552679,ARCONIC INC. EMPLOYEES VOLUNTARY PAC
C00456277,WESTERN DUBUQUE BIODIESEL PAC
C00341271,DAY & ZIMMERMAN INC FEDERAL PAC
C00455048,ABSOLUTE ENERGY PAC
C00381459,SOCIETY FOR VASCULAR SURGERY PAC
C00342022,"WELLMARK, INC. PAC OR WELLPAC"
C00113811,NECAPAC
C00414490,GOLDEN GRAIN ENERGY LLC PAC
C00171926,DUPONT GOOD GOVERNMENT FUND
C00247981,CORTEVA INC. EMPLOYEES PAC (CORTEVA AGRISCIENCE PAC)
C00087874,CONAGRA BRANDS
C00564195,ALASKA COMMUNICATIONS SYSTEMS GROUP INC FEDERAL PAC AKA ALASKA COMMUNICATIONS FEDERAL PAC
C00661272,WITH HONOR PAC
C00450239,INTERNATIONAL PREMIUM CIGAR & PIPE RETAILERS ASSN. PAC
C00807230,CONRAD SHIPYARD LLC PAC
C00035006,CHEVRON EMPLOYEES PAC
C00033589,CORNING INCORPORATED EMPLOYEES PAC (COREPAC)
C00544957,USACS PAC
C00283523,DALLAS ENTREPRENEUR POLITICAL ACTION COMMITTEE
C00564187,EDUCATE AND INNOVATE PAC
C00494237,OHIO CORN AND WHEAT GROWERS ASSOCIATION PAC
C00417295,MASS PAC
C00414649,ENCOMPASS HEALTH CORPORATION PAC
C00465211,NATIONAL INSTALLMENT LENDERS ASSOCIATION PAC
C00319723,NATIONAL BUSINESS AVIATION ASSOCIATION INC PAC
C00081547,DTE ENERGY CO PAC - FEDERAL
C00564807,TAYLOR MORRISON INC BUILDING STRONG BUSINESS PAC
C00443168,INTERCONTINENTAL EXCHANGE INC PAC
C00130773,NMHC PAC
C00332841,AMERICAN COLLEGE OF CARDIOLOGY PAC
C00580225,"LENDMARK FINANCIAL SERVICES, LLC. LENDPAC (A.K.A. 'LENDPAC')"
C00740704,CARRIER GLOBAL CORPORATION POLITICAL ACTION COMMITTEE
C00283572,FLORIDA FARM BUREAU FEDERATION FEDPAC
C00320101,FREEPORT-MCMORAN INC CITIZENSHIP COMMITTEE
C00040568,MARATHON OIL COMPANY EMPLOYEES PAC
C00486134,AMERICAN COLLEGE OF CLINICAL PHARMACY POLITICAL ACTION COMMITTEE (ACCP-PAC)
C00674465,THE GUARDIAN LIFE INSURANCE COMPANY OF AMERICA PAC - GENERAL
C00378695,VICTORY IN NOVEMBER ELECTION PAC (VINEPAC)
C00085910,FERT PAC (THE POLITICAL ACTION COMMITTEE OF THE FERTILIZER I
C00083915,NATIONAL PEST MANAGEMENT ASSOCIATION PAC
C00653188,BMI PAC (BMI PAC)
C00233353,AD ALLIANCE
C00739532,PRIME AE GROUP FEDERAL PAC
C00801993,VA CONSERVATIVE LEADERSHIP FUND
C00633164,BUILDING INNOVATIVE GOOD GOVERNMENT SOLUTIONS PAC
C00456475,TREASURY EMPLOYEES PAC
C00571141,"UCB, INC. POLITICAL ACTION COMMITTEE"
C00377333,ALBEMARLE CORPORATION PAC
C00100107,AMERICAN BEVERAGE ASSOCIATION PAC
C00609263,WIRELESS INTERNET SERVICE PROVIDERS ASSOCIATION PAC
C00323659,NATIONAL ASSN. OF DENTAL PLANS POLITICAL ACTION COMMITTEE
C00145722,MURPHY OIL CORPORATION POLITICAL ACTION COMMITTEE
C00820480,YES TO YESLI PAC
C00370015,NELNET INC PAC (NELNET PAC)
C00249342,AMERICAN SOCIETY OF PLASTIC SURGEONS
C00394452,EXCHANGE CONTRACTORS PAC FEDERAL
C00022640,DALLAS AGC PAC (FKA CONSTRUCTION INDUSTRY PAC)
C00807214,LA/ORANGE COUNTIES BUILDING AND CONSTRUCTION TRADES COUNCIL PAC
C00034884,ALTICOR INC. POLITICAL ACTION COMMITTEE ALTIPAC
C00309716,PLASTICS INDUSTRY ASSOCIATION POLITICAL ACTION COMMITTEE
C00493312,S CORPORATION ASSOCIATION PAC (S-CORP PAC)
C00487686,MISSOURI CORN GROWERS ASSOCIATION FEDERAL PAC
C00162735,FINANCIAL SERVICES POLITICAL COMMITTEE
C00412445,WAYNE FARMS LLC POLITICAL ACTION COMMITTEE WAYNE FARMS PAC
C00528349,CLARK PAC
C00432260,CLUB FOR GROWTH PAC
C00577072,BABCOCK & WILCOX ENTERPRISES INC. POLITICAL ACTION COMMITTE
C00731414,"AMENTUM SERVICES, INC. PAC"
C00818518,BOG-PAC
C00799809,1890 PAC
C00818393,DR OZ PAC
C00817775,PINE TREES PAC
C00402545,VGM MANAGEMENT LTD PAC (VGMPAC)
C00734822,GROWING GEORGIA
C00695304,DROPBOX INC PAC
C00783837,BOLD MAJORITY PAC
C00672790,FRIENDS OF TRIDENT SEAFOODS CORPORATION PAC
C00821736,COACH GUY'S LEADERSHIP PAC
C00792069,PEOPLE'S CHAMPION PAC
C00583153,VALOR PAC
C00806687,THE GREAT LAKES LEADERSHIP PAC
C00693390,"BELL AMBULANCE INC., EMPLOYEES PAC"
C00820787,BRIGADE MAJORITY FUND
C00721233,BEAT THE ODDS PAC
C00560003,STRONG COUNTRY FOR TODAY AND TOMORROW (SCOTTPAC)
C00783167,WORKING FOR OHIO
C00252825,PLUMBERS UNION LOCAL 690 POLITICAL ACTION FUND
C00547448,MAKING AMERICANS COUNT PAC
C00708594,PAID FAMILY LEAVE PAC
C00761049,BLUE RIDGE BUILDER FUND
C00474122,TECHNOLOGY RESEARCH AND INNOVATION PAC
C00795534,PURPLE GOOD GOVERNMENT PAC
C00497578,ROLL ON COLUMBIA PAC
C00764472,GADS PAC
C00004101,NATIONAL UTILITY CONTRACTORS ASSOCIATION LEGISLATIVE INFORMA
C00478107,BROADRIDGE FINANCIAL SOLUTIONS PAC
C00572826,CAPOZZI ADLER PAC
C00423814,PENN NATIONAL GAMING INC POLITICAL ACTION COMMITTEE
C00709709,FREEDOM RINGS EVERY DAY PAC
C90009622,MORONGO BAND OF MISSION INDIANS NATIVE AMERICAN RIGHTS FUND
C00784694,TKJ PAC
C00746909,DELIVER DEMOCRACY
C00688721,ALASKA WILDERNESS LEAGUE ACTION FUND
C00418095,FRAGOMEN PAC
C00781039,DEMOCRATIC MAJORITY
C00815720,FAVIR PAC (FRANCE ADVOCATES FOR VETS AND INDIVIDUAL RIGHTS PAC)
C00762666,DEMOCRATIC MAJORITY ACTION (DMA) PAC
C00361014,SODEXO INC PAC
C00322784,UA LOCAL 50 PLUMBERS & STEAMFITTERS POLITICAL ACTION FUND
C00635201,RWA FUND
C00239038,ROCKET CITY PAC
C00408500,"TELAPEX, INC. PAC"
C00511899,ARCTIC SLOPE REGIONAL CORPORATION ASRC PAC
C00319962,"NEW YORK BUILDING CONGRESS, INC. PAC"
C00824342,WAY BACK PAC
C00799361,ELDER FOR AMERICA
C00489302,SUNRUN PAC
C00216358,SECURITY BENEFIT CORPORATION FED PAC
C00121582,CALIFORNIA FRESH FRUIT ASSOCIATION PAC
C00296269,CALIFORNIA POULTRY FEDERATION FEDERAL PAC
C00303628,FOSTER POULTRY FARMS PAC
C00244533,FRIANT WATER PAC - FEDERAL
C00320218,PLUMBERS & PIPEFITTERS LOCAL 447 FEDERAL POLITICAL FUND
C00820324,SILENCER CENTRAL PAC
C00813832,DLZ CORP INFRASTRUCTURE ADVOCACY FEDERAL PAC
C00710202,SPARK PAC
C00816009,BOPAC
C00787911,BERGESON & CAMPBELL P.C. PAC
C00718510,OCCUPY DEMOCRATS ELECTION FUND
C00787002,WONDER WOMEN PAC
C00489831,NEW ECONOMY PAC
C00692384,LIVERAMP INC.'S COMMITTEE PROMOTING ETHICAL DATA USAGE (RAMPAC)
C00794024,BETTER PATH FORWARD INC PAC
C00345132,REPUBLICAN JEWISH COALITION PAC
C00110262,BRUNSWICK CORPORATION GOOD GOVERNMENT FUND
C00450288,RENAISSANCE HEALTH SERVICE CORPORATION PAC
C00803155,COBALT ADVOCATES
C00117861,LOCKE LORD BISSELL & LIDDELL PAC
C00683508,FOREVER YOUTH ORGANIZATION UTILIZING A NEW GENERATION PAC
C00400705,"PUBLIX SUPER MARKETS, INC. ASSOCIATES POLITICAL ACTION COMMITTEE"
C00034256,NATIONAL WOMEN'S POLITICAL CAUCUS
C00341701,NATIONAL AGRICULTURAL AVIATION ASSN PAC
C00778308,SOUTHERN STATES PAC
C00166553,STEPHENS INC. FEDERAL POLITICAL ACTION COMMITTEE
C00558452,PROFESSIONAL COMPOUNDING CENTERS OF AMERICA
C00564690,CAPA21
C00300376,THE DOCTORS COMPANY FEDERAL PAC
C00291799,MASON CONTRACTORS ASSOCIATION OF AMERICA POLITICAL ACTION COMMITEE-MACPAC
C00489005,WAKEFERN FOOD CORP. POLITICAL ACTION COMMITTEE
C00006486,INDIANA REPUBLICAN STATE COMMITTEE INC.
C00121301,U.S. BANCORP PIPER JAFFRAY INC. FEDERAL PAC
C00132282,EQUIPMENT LEASING AND FINANCE ASSN PAC (LEASEPAC)
C00633354,STRUCTURED FINANCE COALTIION PAC
C00149948,SMALL BUSINESS COUNCIL OF AMERICA-PAC INC
C00457697,MOLSON COORS BEVERAGE COMPANY USA LLC PAC
C00548438,WISCONSIN MEDICAL SOCIETY FEDERAL PAC
C00677492,SHEILA CHERFILUS MCCORMICK FOR CONGRESS
C00491589,NATIONAL CREDITORS BAR ASSOCIATION PAC
C00245530,AMERICAN SOCIETY OF HEALTH-SYSTEM PHARMACISTS PAC
C00714329,TRANSDIGM GROUP INC. EMPLOYEE POLITICAL ACTION COMMITTEE
C00607374,ELBERT GUILLORY'S AMERICA
C00226472,ARPAC
C00695239,MESSER NORTH AMERICA INC. ALLIANCE FOR GOOD GOVERNMENT (MES
C00113845,PERSONAL CARE PRODUCTS COUNCIL PAC
C00001016,CARPENTERS LEGISLATIVE IMPROVEMENT COMMITTEE
C00476978,LGBTQ VICTORY FUND FEDERAL PAC
C00687525,NEVER SURRENDER PAC
C00542704,REPRODUCTIVE RIGHTS FOR KENTUCKY PAC
C00647206,ONE GENERATION
C00494682,S&P GLOBAL INC PAC
C00027466,NRSC
C00741710,NRA POLITICAL VICTORY FUND
C00235655,BLUEGRASS OCMMITTEE
C00698977,GOLDFINCH PAC
C00492058,LANK PAC
C00692327,LETS GET TO WORK PAC
C00500025,RECLAIM AMERICA PAC
C00495887,TOMORROW IS MEANINGFUL PAC - TIMPAC
C00438754,ENERGY TRANSFER EMPLOYEE PAC
C00354753,DEVON ENERGY CORP PAC
C00246736,SEABOARD CORPORATION POLITICAL ACTION COMMITTEE
C00347476,CREATING A MAJORITY PARTY ACTION COMMITTEE (C.A.M.P.A.C.)
C00691162,HOOSIER PAC
C00571976,PETER NORBECK LEADERSHIP PAC
C00489336,WILD AND WONDERFUL PAC
C00483487,BRETT PAC
C00002469,MACHINISTS NON-PARTISAN POLITICAL LEAGUE
C00551853,OORAH! PAC
C00010421,ASSOCIATED BUILDERS AND CONTRACTORS POLITICAL ACTION COMMITTEE (ABC PAC)
C00303032,IWLA PAC
C00543207,BADLANDS PAC
C00450320,INVEST IN A STRONG AND SECURE AMERICA
C00567545,BOOTS PAC
C00250399,AFIT-PAC
C00344648,RELY ON YOUR BELIEFS FUND PAC
C00010793,THE LOOSE GROUP
C00343947,NEXT CENTURY FUND
C00633818,OLD NORTH STATE PAC
C00493072,DAKOTA PAC
C00278101,"GUN OWNERS OF AMERICA, INC. POLITICAL VICTORY FUND"
C00391979,HERZOG PAC
C00685958,ASSURED GUARANTY MUNICIPAL CORP POLITICAL ACTION COMMITTEE
C00111559,CREDIT SUISSE SECURITIES (USA) LLC POLITICAL ACTION COMMITTEE
C00012476,UA UNION PLUMBERS & PIPEFITTERS VOTE! PAC
C00263731,RED ROCK RESORTS INC PAC
C00680504,BROADCOM INC PAC
C00390161,EUREKA PAC
C00762591,SAVE AMERICA
C00590356,BUILDING AND RESTORING THE AMERICAN DREAM FUND
C00099259,REPUBLICAN PARTY OF FLORIDA-FEDERAL
C00497842,STRATEGY PAC
C00480228,CONTINUING AMERICA'S STRENGTH & SECURITY PAC
C00505792,AMERICAN CONSERVATIVE UNION PAC
C00302240,EXPRESS SERVICES INC. PAC
C00724781,STAND UP FOR WORKERS PAC
C00633248,314 ACTION FUND
C00147512,CONGRESSIONAL BLACK CAUCUS PAC
C00147975,KIDSPAC
C00385534,LEGPAC
C00009423,"LAND O'LAKES, INC., PAC"
C00032607,SYNOVUS FINANCIAL CORP. FUND FOR EFFECTIVE LEADERSHIP
C00489419,AKSM UROLOGY PAC 'AKSM UROLOGY PAC'
C00148031,CATERPILLAR INC. PAC (CATPAC)
C00410407,EDWARD JONES PAC
C00083832,IDA-PAC POLITICAL ACTION COMMITTEE
C00493924,RAND PAC
C00567388,"NEXSTAR MEDIA GROUP, INC. POLITICAL ACTION COMMITTEE (NEXSTAR PAC)"
C00687558,RISING PHOENIX HOLDINGS CORPORATION POLITICAL ACTION COMMITTEE
C00758862,GETTING RESULTS BY ENGAGING THE GRASSROOTS (GREG PAC)
C00032797,NATIONAL GOOD GOVERNMENT FUND
C00165282,OLD NATIONAL BANK PAC
C00544767,COMMITTEE TO DEFEAT THE PRESIDENT
C00448373,HUCK PAC
C00719971,SENATE EAGLE PAC
C00540054,NEBRASKA SANDHILLS PAC
C00327189,VALUE IN ELECTING WOMEN PAC - VIEW PAC
C00298000,MADISON PROJECT INC.
C00687582,GIDDY UP PAC
C00680322,MUSTANG PAC
C00368142,OFFICE OF THE COMMISSIONER OF MAJOR LEAGUE BASEBALL PAC
C00563924,SCHNEIDER NATIONAL INC. TRANSPAC
C00674242,JUUL LABS INC. EMPLOYEES PAC
C00431601,OCEANS PAC
C00029504,INTERNATIONAL UNION OF OPERATING ENGINEERS PAC
C00208322,MANAGEMENT AND TRAINING CORPORATION PAC
C00770511,TZEDEK PAC
C00008409,INTERNATIONAL UNION OF OPERATING ENGINEERS EPEC
C00629709,NO LABELS PROBLEM SOLVERS PAC
C00076182,NATIONAL TURKEY FEDERATION PAC TURPAC
C00571182,GETTING STUFF DONE PAC (GSD-PAC)
C00028860,AMERICAN FEDERATION OF TEACHERS COMMITTEE ON POLITICAL EDUCATION
C00672576,BLACK ECONOMIC ALLIANCE PAC
C00383950,NATIONAL ELEVATOR CONSTRUCTORS PAC
C00032995,AMALGAMATED TRANSIT UNION (ATU) COPE PAC
C00690073,AMERICA WORKS STATE & LOCAL PAC
C00347195,PRAIRIE POLITICAL ACTION COMMITTEE
C00525600,OFF THE SIDELINES PAC
C00368332,WASHINGTON WOMEN FOR CHOICE
C00412791,FORWARD TOGETHER PAC
C00348607,IMPACT
C00399196,BRIDGE PAC
C00411330,FRIENDS OF BERNIE SANDERS
C00003590,UNITED STEELWORKERS POLITICAL ACTION FUND
C00324780,AMERICAN ACADEMY OF EMERGENCY MEDICINE POLITICAL ACTION COMMITTEE AAEM PAC
C00436022,MODERATE DEMOCRATS PAC
C00406553,PROGRESSIVE VOTERS OF AMERICA
C00392738,HOOPS PAC
C00285593,SOUTHWEST REGIONAL COUNCIL OF CARPENTERS LEGISLATIVE IMPROVEMENT COMMITTEE UNITED BROTHERHOOD OF CARPENTERS & JOINERS OF AMERICA
C00484402,COUNTRY ROADS PAC
C00552083,HALL RENDER KILLIAN HEATH & LYMAN PC EMPLOYEE PAC  AKA HALLWAY PAC FEDERAL
C00428052,MAJORITY COMMITTEE PAC - MC PAC
C00552539,MAKE IT WORK PAC
C00370569,PASNAP-PAC
C00385989,THE ATKINS NORTH AMERICA HOLDINGS CORPORATION PAC
C00040741,UTILITY WORKERS UNION OF AMERICA COPE
C00649335,MEDICARE FOR ALL PAC (MAPAC)
C00004861,UNITE HERE TIP CAMPAIGN COMMITTEE
C00176214,INTERNATIONAL LONGSHORE AND WAREHOUSE UNION (ILWU) PAF
C00413575,"MWW GROUP INC POLITICAL ACTION COMMITTEE, THE"
C00516013,WINNOVEMBER PAC
C00572271,BUILDING AMERICAS REPUBLICAN REPRESENTATION PAC
C00762930,BE VICTORIOUS OVER DEMOCRATS PAC
C00597062,BUDDY PAC
C00765578,TENNESSE TOUGH PAC
C00582726,JACKIE PAC
C00744532,STEEL PAC
C00500793,WELLS PAC
C00653030,CITIZENS FOR LAW ENFORCEMENT
C00134742,CEMENT AND PLASTERERS POLITICAL ACTION COMMITTEE
C00570945,E-PAC
C00393173,COMERICA INCORPORATED PAC
C00619429,NFL PLAYERS ASSOCIATION ONE TEAM PAC
C00160630,DPAC
C00409276,MARSHA PAC
C00325993,DEFEND AMERICA PAC
C00536540,"JOBS, FREEDOM, AND SECURITY PAC"
C00448696,SENATE CONSERVATIVES FUND
C00143164,"ONEAMERICA FINANCIAL PARTNERS, INC. PAC"
C00500017,BRADLEY ARANT BOULT CUMMINGS FEDERAL PAC
C00405340,ROCHESTER HIGHER EDUCATION AND RESEARCH PAC
C00158576,INTERNATIONAL LONGSHOREMEN'S ASSOCIATION
C00331694,AMERICA WORKS FEDERAL PAC
C00629212,ALL FOR OUR COUNTRY LEADERSHIP PAC
C00455717,FREE STATE PAC
C00380303,EMERGENT BIOSOLUTIONS INC. EMPLOYEES PAC
C00536466,RENEWABLE ENERGY GROUP INC PAC
C00387274,NEW MAJORITY FEDERAL PAC
C00570226,SEAL PAC
C00571323,THOMPAC
C00561647,FIS GOOD GOVERNMENT FUND
C00117424,WESTROCK PAC
C00691154,BELIEVE IN AMERICA PAC
C00332973,COMMITTEE FOR THE ADVANCEMENT OF LOUISIANA AGRICULTURE (CALA)
C00156554,INTERNATIONAL ASSOCIATION OF BRIDGE STRUCTURAL & ORNAMENTAL
C00250068,CONSUMER BRANDS PAC ('CONSUMER BRANDS ASSOCIATION PAC')
C00326082,FUND FOR A CONSERVATIVE FUTURE
C00194084,"ALBERTSONS COMPANIES INC, PAC(ACI PAC)"
C00382143,ASSOCIATION OF FUNDRAISING PROFESSIONALS PAC
C00632562,INTEGRITY FIRST PAC
C00341396,MOVEON.ORG PAC
C00682617,NATIONAL PECAN FEDERATION INC. POLITICAL ACTION COMMITTEE ('PECAN PAC')
C00574921,RYAN LLC POLITICAL ACTION COMMITTEE (RYANPAC)
C00004325,SEAFARERS INTERNATIONAL UNION POLITICAL ACTION COMMITTEE
C00730630,FREESTATE PAC
C00563726,MR. SMITH PAC
C00438291,DENALI LEADERSHIP PAC
C00002790,OLIN CORPORATION GOOD GOVERNMENT FUND
C00752766,TTM TECHNOLOGIES INC. PAC
C00413948,ARKANSAS FOR LEADERSHIP POLITICAL ACTION COMMITTEE (ARKPAC)
C00607721,LAND OF OPPORTUNITY PAC
C00668921,NATIONAL WOODEN PALLET AND CONTAINER ASSOCIATION POLITICAL A
C00300426,SOUTHEAST COTTON COMMITTEE (SECC) SOUTHERN COTTONGROWERS INC
C00489427,BLAINE PAC
C00417584,AMERICA 2.0 PAC
C00188193,WOMEN'S POLITICAL COMMITTEE
C00446237,NATIONAL NURSES UNITED PAC
C00599084,PLAINS COTTON GROWERS INC. PAC
C00172833,AMERICAN ASSOCIATION OF CROP INSURERS  AACI PAC
C00685297,ELECT DEMOCRATIC WOMEN
C00299396,ITALIAN AMERICAN DEMOCRATIC LEADERSHIP COUNCIL
C00433219,FUND FOR THE MAJORITY PAC
C00367995,SIERRA NEVADA CORPORATION PAC
C00473025,INTERNATIONAL GAME TECHNOLOGY (IGT) PAC
C00299321,MGM RESORTS INTERNATIONAL PAC
C00193433,EMILY'S LIST
C00149013,NORTON ROSE FULBRIGHT US LLP FEDERAL COMMITTEE
C00459289,"EHEALTH INC., POLITICAL ACTION COMMITTEE"
C00663609,PROGRESSIVE MAJORITY PAC
C70002563,NATIONAL ASSOCIATION OF REALTORS
C00320580,BARRICK GOLD OF NORTH AMERICA EMPLOYEES PAF
C00564377,CHUGACH ALASKA CORPORATION PAC
C00153379,NV ENERGY POLITICAL ACTION COMMITTEE
C00516039,ALLEGIANT TRAVEL COMPANY POLITICAL ACTION COMMITTEE
C00678813,CONSERVATIVES HARVESTING SUCCESS PAC
C00434233,NEXION HEALTH FUND FOR QUALITY LONG TERM CARE INC
C00475665,GROWTH ENERGY PAC
C00387464,ALAMO PAC
C00461723,SAVE AMERICA PAC
C00543371,BIOMARIN PHARMACEUTICAL INC. PAC AKA BIOMARIN PAC
C00559302,FS PAC
C00779538,UNITED WHOLESALE MORTGAGE PAC (UWM PAC)
C00491654,CITIZENS FOR PROSPERITY IN AMERICA TODAY PAC
C30002877,CITIZENS UNITED
C00656777,JAM PAC
C00467431,THE EYE OF THE TIGER POLITICAL ACTION COMMITTEE
C00524603,KEEP AMERICA ROLLING
C00691501,RE-JOYCE PAC
C00482570,JACKSON LEWIS P.C. POLITICAL ACTION COMMITTEE
C00196089,ESOP PAC
C00548586,BOOKER SENATE VICTORY
C00540146,FIRST IN FREEDOM PAC
C00552778,LIVE OAK BANK POLITICAL ACTION COMMITTEE
C00540187,INNOVATION POLITICAL ACTION COMMITTEE
C00669960,WHEN DEMOCRATS TURN OUT PAC
C00219444,NATIONAL STRUCTURED SETTLEMENTS PAC
C00747766,TRUTH TO POWER
C00572586,CAPITOL HEEL PAC
C00327759,APWU COPA
C00692335,LET'S GET TO WORK PAC
C70002506,INTERNATIONAL BROTHERHOOD OF BOILERMAKERS
C00092247,NATIONAL ORGANIZATION FOR WOMEN PAC
C00790915,BRIDGE PAC
C00161141,GUIDEWELL MUTUAL HOLDING CORPORATION POLITICAL ACTION COMMITTEE (GUIDEWELL PAC)
C00344754,"GIBSON, DUNN & CRUTCHER LLP PAC"
C00662791,"ARBOR TRUST REALTY, INC. PAC"
C00751495,ATU COPE VOLUNTARY ACCOUNT
C00402669,SERCO INC. POLITICAL ACTION COMMITTEE (SERCO PAC)
C00217877,SOUTHERN GLAZER'S WINE & SPIRITS PAC
C00151787,CUBIC CORPORATION EMPLOYEES PAC
C00100693,CHICAGO BOARD OPTIONS EXCHANGE PAC
C00118919,SNACK FOOD ASSOCIATION POLITICAL ACTION COMMITTEE (SNACKPAC)
C00340364,BLUE SHIELD OF CALIFORNIA POLITICAL ACTION COMMITTEE
C00639674,ENDEAVOR ACTION
C00685552,MEDICARE FOR ALL
C00529693,BLUE MAJORITY PAC
C00760827,DEMAND JUSTICE PAC
C00526715,GREATER TOMORROW POLITICAL ACTION COMMITTEE
C00562546,NOVOCURE INC. PAC
C00218263,TCF PAC
C90011693,GUN OWNERS OF AMERICA INC.
C00738260,POINT ACTION PAC INC.
C00336834,ENCOVA CIVIC FUND (OF THE MOTORISTS MUTUAL INSURANCE COMPANY CIVIC FUND)
C00489534,FIRST SOLAR INC. POLITICAL ACTION COMMITTEE
C00065870,POLITICAL EDUCATION PATTERNS POLITICAL ARM INTL UNION OPERATING ENG LOCAL 18
C00417865,TRUEDEM LEADERSHIP FUND
C00077305,ALABAMA POWER COMPANY EMPLOYEES FEDERAL PAC
C00432856,AM GENERAL LLC PAC
C00167460,GLOBE LIFE INC. PAC
C00590471,LOCAL 881 UNITED FOOD AND COMMERCIAL WORKERS POLITICAL ACTION FUND
C00377549,USA FARMWORKER PAC
C00407841,WESTERN ALLIANCE OF FARMWORKER ADVOCATES PAC (WAFA PAC)
C00327395,SEARCHLIGHT LEADERSHIP FUND PAC
C00625145,CRES PAC
C00457226,INTERNATIONAL BOTTLED WATER ASSOCIATION PAC
C00817395,FIFTH THIRD BANCORP PAC
C00506733,CADENCE BANK PAC
C00677773,UNITE AMERICA
C00202184,WATERPAC - NATIONAL RURAL WATER ASSOCIATION POLITICAL COMMITTEE
C00072769,ROCHE DIAGNOSTICS CORP PAC
C00757419,SAVE DEMOCRACY PAC
C00365296,INTERNATIONAL ASSOCIATION OF FIRE FIGHTERS PAC
C00457242,BLUE CROSS BLUE SHIELD OF ALABAMA PAC
C00342907,MIDWEST REGION LABORERS' POLITICAL LEAGUE
C00132092,ALLIANT ENERGY EMPLOYEE'S  PAC
C00438978,IOWA RENEWABLE FUELS ASSOCIATION PAC - IRFA
C00657262,GO PAC GO
C00214866,STV GROUP INC. POLITICAL ACTION COMMITTEE
C00381954,ATMOS ENERGY CORPORATION PAC
C00127431,ALAMO PAC
C00145037,SOUTHERN COMPANY GAS EMPLOYEES PAC
C00436360,AMEDISYS PAC
C00079566,CALIFORNIA WESTSIDE FARMERS FED PAC
C00606962,WFP NATIONAL PAC
C00111922,IRON WORKERS LOCAL 397 POLITICAL ACTION FUND
C00459800,PROFESSIONAL ENGINEERS IN CALIFORNIA GOVERNMENT PECG - PAC
C00559740,GOPAC ELECTION FUND
C00423228,AMERICAN GASTROENTEROLOGICAL ASSOCIATION INC. PAC
C00163048,CAP-PAC SEPARATE SEGREGATED FUND OF NATIONAL COMMU
C00328401,LINCOLN CLUB OF ORANGE COUNTY FEDERAL PAC
C00756528,MOORE COUNTY REPUBLICAN MENS CLUB - FEDERAL PAC
C00265546,SOUTHERN STATES POLICE BENEVOLENT ASSOC PAC FUND
C00038505,NORTH CAROLINA REPUBLICAN PARTY
C00503094,FREEDOM FIRST PAC
C00336743,ASIAN AMERICAN HOTEL OWNERS ASSOCIATION PAC (AAHOA PAC)
C00418582,EMERGEORTHO P.A. POLITICAL ACTION COMMITTEE
C00686709,KRATOS DEFENSE & SECURITY SOLUTIONS INC. PAC
C00139014,MIAMI ASSOCIATION OF FIRE FIGHTERS
C00624965,"BETTER GOVERNMENT COMMITTEE OF UNITED COMMUNITY BANKS, INC."
C00542431,JOHN BOLTON PAC
C00035519,"BIPARTISAN VOLUNTARY PUBLIC AFFAIRS COMMITTEE OF THE PNC FINANCIAL SERVICES GROUP, INC"
C00714303,US RADIOLOGY SPECIALISTS PAC
C00125732,BLACK HILLS CORPORATION PAC
C00742346,GET AMERICA RIGHT: COMMUNITY IN ACTION - GARCIA PAC
C00771543,CASSIDY LEADERSHIP FUND
C00161422,TECO ENERGY INC EMPLOYEES' PAC
C00487942,REACHING FOR A BRIGHTER AMERICA PAC
C00421024,MACC PAC
C00297739,NATURAL PRODUCTS ASSOCIATION PAC (NPA PAC)
C00573519,THINK BIG AMERICA PAC
C00430280,IMMIGRANTS' LIST
C00688606,EQUITRANS MIDSTREAM CORPORATION PAC
C00349035,INTERNATIONAL UNION OF PAINTERS & ALLIED TRADESIUPAT PAC
C00653352,DEFEAT THE ESTABLISHMENT PAC
C00583526,"TOGETHER UNITED FOR LIBERTY, INTEGRITY AND PROSPERITY PAC (TULIP PAC)"
C00640623,RIGHT SIDE OF HISTORY PAC
C00512293,AMERICAN FEDERATION OF GOVERNMENT EMPLOYEES (AFGE)
C00477919,BROADCOM CORPORATION PAC
C00166355,CA CITRUS MUTUAL FEDERAL PAC
C00371856,IOWA CORN GROWERS ASSOCIATION PAC
C00424788,AMBULATORY SURGERY CENTER ASSOCIATION PAC (ASCAPAC)
C00613489,MISSOURI FARM BUREAU FEDERATION FEDERAL PAC
C00290866,MO. SOYBEAN ASSOCIATION FED PAC
C00072967,"COMMERCE BANCSHARES, INC. PAC"
C00214809,COUNCIL OF PRODUCERS & DISTRIBUTORS OF AGROTECHNOLOGY PAC
C00216754,NORTH CAROLINA FARM BUREAU FEDERATION INC POL ACT CMTE INC (
C00335091,TRANSPORTATION INTERMEDIARIES ASSOCIATION'S TIAPAC
C00822999,2022 FOUNDERS COMMITTEE
C00720524,TIM SCOTT'S AMERICAN OPPORTUNITY
C00139451,KCS EMPLOYEES PAC
C00775379,2021 SENATORS CLASSIC COMMITTEE
C00823229,BUDD LEVY MAJORITY COMMITTEE
